Organization Name,Description ,,Phone
All Community Outreach ,Provider of free services for Collin County including financial,,972-727-9131 
www.acocares.org ,"assistance with household bills, utility and housing assistance,",,
801 E. Main Street,"food, medical visits and prescriptions, and clothing. Also offers",,
"Allen, TX 75002 ","GED classes, college assistance and financial coaching and",,
,career counseling. ,,
Assistance Center of Collin County ,Serving qualifying low - income Individuals in the Plano,,Assistance Hotline: 
www.assistancecenter.org ,ISD Area ,,972-422-1850 
900 E. 18th Street ,-Financial Assistance to prevent homelessness ,,Office: 
"Plano, TX 75074 ",-Plano Food Pantry providing monthly visits ,,972-422-1125 
,-Tools for School Provide free grade appropriate supplies ,,
,-Information and Referral ,,
,-Holiday: Food and Gifts Christmas and Thanksgiving food. ,,
Christian Community Action ,"Providing Financial Assistance, education and vocational",,972-219-4300 
www.ccahelps.org ,"training, job search help, re-sale shops and an adult health",,(972) 219-4357 
200 South Mill St.,center for qualifying individuals living in their service area.,,
"Lewisville, TX 75057 ",Food pantry-drive through assistance ,,
Collin CARES , Collin County Emergency Rental Assistance Program. Provides,, (833) 696-0804 
,residential rent and utility assistance to qualifying household,,
,"located in Collin County and outside the city limits of Allen,",,
https://www.collincountytx.gov/cares,,,Email:
,"Frisco, Dallas, McKinney and Plano. Must provide proof of",,
/Pages/rentalassistance2021.aspx ,,,ERAPquestions@ndc
,ongoing financial hardship due to COVID 19. ,,online.org
Community Council of Greater,Provides access to community services including MY RIDE for,,214-871-5065 
Dallas ,"senior citizens, low-cost health coverage for children and",,
,"teens, and multiple community youth development programs",,
www.ccgd.org ,,,
,living in greater Dallas. ,,
1341 W. Mockingbird Ln. Suite 1000W,,,
"Dallas, TX 75247 ",,,
Community Lifeline Center ,"Assistance ranges from financial help – rent, utilities, food,",,972-542-0020 
www.communitylifeline.org ,"other crisis assistance, job search training, credit and budget",,
1601 N. Waddill St. Suite 102 ,"counseling, and referral services.",Service area includes the,
,"cities of Altoga, Anna, Blue Ridge, Celina, Copeville,",,
"McKinney, TX 75069 ",,,
,"Farmersville, Josephine, Lavon, Lowery Crossing, McKinney,",,
,"Melissa, Nevada, New Hope, Princeton, Prosper, Westminster,",,
,and Weston. ,,
3,,,
Community Food Pantry of,,Program provides basic foods to people and families that have,972-547-4404 ,
McKinney ,,"lost their jobs, lost income due to illness, or who have had an",,
www.community-foodpantry.org ,,addition to their family and cannot make ends meet. Filling ,,
307 Smith St. ,,gap between Food Stamp applications and award. Not bound,,
"McKinney, TX 75069 ",,by any geographical scope. ,,
Clothes Closet of Plano ,,Provides gently used causal business clothing to the,972-423-4292 ,
(in First Presbyterian Church Plano) ,,community. ,,
,,Clients are referred through Assistance Center of Collin,,
"1500 Jupiter Rd., Plano, TX 75074 ",,County: 972-422-1125 ,,
http://www.fpc-,,,,
plano.org/OutreachAndMissions.html ,,,,
The Church of the Holy Nativity: ,,Anyone living in the Plano Independent School District ,972-422-1850 ,
Food Pantry of Plano ,,may apply to receive food to feed a family for one week. ,,
,,Clients are referred through Assistance Center of Collin,,
www.holynativity.org/outreach/the-,,,,
,,County: 972-422-1125 ,,
food-pantry ,,,,
"2200 18th St., Plano, TX 75074 ",,,,
Frisco Family Services ,,Provides families and individuals living in Frisco or within,972-335-9495 ,
www.friscocenter.org ,,the Frisco ISD limits with one time only emergency,,
" 8780 3rd St., Frisco, TX 75034 ",,"financial assistance, food, vouchers for clothing and",,
,,"household goods at Frisco Resale, adult life skills classes,",,
,,"and back to school clothing, shoes and supplies.",,
Hope Restored Missions ,,"Provides case management, housing referrals, job",214-501-2181 ,
,,"placement/training, computer lab, emergency food",Mon.-Fri. ,
,,referrals and food stamp program resources. Also,,
https://hoperestoredmissions.org ,,,10 am-4 pm ,
,,provides medical care & dental care resources along with,,
"1947 K Ave., Ste. 300 ",,,By Appointment ,
,,emotional support and education assistance for GED and,,
"Plano, TX 75074 ",,ESL. ,,
The Storehouse of Collin County ,,Provides food and clothing to residents of Collin County. ,469-385-1815 ,
Seven Loaves-Food Pantry ,,Must show proof of residency. Project Hope provides,1401 Mira Vista,
Joseph’s Coat-Clothing,Closet ,"mentorship, training, education and hope to women (18","Blvd, Plano ",
,,yrs.+) who are in negative cycles of poverty and,,
Project Hope-Mentorship for women ,,,,
,,dependence. ,,
Thestorehousecc.org ,,,,
Salvation Army ,,"Faith-based organization that provides rehabilitation, hunger",972-423-8254 ,
www.salvationarmyusa.org ,,"relief, and housing services for veterans, adults, children,",Plano ,
,,"families, and the elderly.",,
,,,972-542-6694 ,
McKinney Emergency Overnight,,Opens at 7 pm – Monday – Thursday and 6 pm on Fridays,For more information,
Warming Shelter,,through Sundays.,Holiday hours may vary. ,call or text: 214 -945-
,,,4637,
"Location: Salvation Army, 600 Wilson",,,,
"Creek Parkway, McKinney ",,,,
North Texas Food Bank ,,Taking applications for Food Stamps; Medicaid. Food Pantry,214-269-0906 ,
www.ntfb.org ,,Referrals. Community Kitchen produces meals for North Texas,Call Center ,
4500 S. Cockrell Hill Rd. ,,Partner Agencies.,Serves 13 Counties including Collin. ,
"Dallas, TX 75236 ",,,,
4,,,,
,Homeless Shelters ,,
*The following resources are available in the community. Collin College's Counseling Services does not endorse any,,,
particular resource. It is the individual's responsibility to research and make choices based upon information,,,
received. ,,,
Adult Shelters ,Description ,,Phone
Austin Street Shelter ,Emergency shelter and a transitional living,,Dallas 
www.austinstreet.org ,facility for those with employment.,,214-428-4242 
"2929 Hickory St., Dallas, TX 75226 ",Substance abuse and psychological,,
,counseling are available. Services are,,
,provided at no cost to Dallas county,,
,residents. ,,
,Men: 45 and older,Women: 18 and older ,
Blake’s House – Women ,Provides housing for homeless women,,972-358-4732 
His House – Men ,(Blake’s House) and men (His House) 18-25.,,
https://jimrileyoutreach.org/program-,Program centers around the development of,,info@jimrileyoutre
basics/ ,"life skills, life coaching and mentoring. ",,ach.org 
Dallas Life Foundation ,Faith Based Program. Shelter and meals are,,Dallas 
Men & Women ,served daily.,Clothing is provided for daily,214-421-1380 
www.dallaslife.org ,"living, job interviews, as well as for children.",,
"100 Cadiz St., Dallas, TX 75215 ",Fee of $12 daily or sign up for a 10 month,,
,program which is free. Outside jobs,,
,encouraged after three months and housing,,
,assistance with completion of the 10 month,,
,Program. ,,
Elevate North Texas Youth Shelter ,Provides emergency shelter for youth 18 – ,,214-556-5916 
www.elevatentx.org ,24. Programs include Host Homes or Hotel,,Email:JasonV@el
1901 E. Peters Colony Rd. ,Vouchers and offers Reunification and family,,evatentx.org 
"Carrollton, TX 75007 ",reconnection. ,,
Family Gateway ,Shelter works with Partner Agencies in the,,214-823-4500 
www.familygateway.org ,Dallas community to deliver services,,
"711 S St. Paul St., Dallas, TX 75201 ",including mental and physical health care;,,
,employment readiness and job training;,,
,financial literacy classes and education. ,,
Family Promise of Collin County ,"Provides food, shelter and support services",,972-442-6966 
Sustainable Independence Program ,for Collin County families with children as,,
(SIP) ,they regain sustainable independence. All,,
www.familypromiseofcollincounty.org ,services are provided based on demonstrated,,
,need. ,,
5,,,
Salvation Army ,"Group homes, emergency shelters, and",,214-424-7000 
www.salvationarmyusa.org ,"transitional living centers provide housing,",,
,"food, and overnight lodging. Rental and",,
,utility assistance offered. Also provides,,
,"educational, counseling and vocational",,
,services to homeless individuals and families.,,
,Housing assistance Dallas location only. ,,
Samaritan Inn ,Homeless shelter for individuals and families,,McKinney 
www.thesamaritaninn.org ,who live in Collin County; limited overnight,,972-542-5302 
,emergency shelter. Also provides classes in a,,
,"variety of life skills: parenting, budgeting, job",,
,"training, computer skills, and customer",,
,service job training. ,,
Union Gospel Mission ,The Union Gospel Mission is a faith-based,,Men’s Shelter 
www.ugmdallas.org ,"homeless shelter providing food, beds, and",,214-637-6117 
,clothing to homeless men and women (18 +) ,,
,and their children in Dallas County. ,,Women’s &
,,,Children’s 
,,,Center
,,,214-638-2988 
Youth Only Shelters ,Description,,Phone 
ACH – Child and Family Services ,"Adoption, Foster Care & Turning Point for",,
,persons in CPS Region 3 (includes Collin).,,817-335-HOPE
HELP@ACHSERVICES.ORG ,"Offers crisis intervention, acute stabilization",,(4673) 
,and family preservation programs.,Immediate,
"3712 Wichita Street, Ft. Worth, TX 76119 ",,,Toll Free: 
,assessment and crisis intervention is available,,888-296-8099 
Note: Absorbed The Bridge Emergency,"24 hours a day, 7 days a week by calling 817-",,
Youth Services ,909-1171. ,,
CITY House Homeless Children ,Serves youth newborn to 21-years-old ,,Plano 
Center ,through three primary programs —an,,972-424-4626 
www.cityhouse.org ,"Emergency Shelter for children in Plano,",,
,Outpatient Counseling Services for,,Emergency 
"901 East 18th Street Plano, TX 75074 ","individuals and families, and Transitional",,972-971-0278 
,Living Program in both Plano and Frisco. ,,
Letot – Dallas County Juvenile Facility ,"Emergency shelter, licensed by the Texas",,Dallas 
,Department of Family and Protective,,214-357-0391 
www.dallascounty.org/department/juve,"Services, provides crisis intervention,",,
nile/letot.php ,"diversion programs, and counseling for",,
"10505 Denton Drive, Dallas TX 75220 ",runaway youth in Dallas county. ,,
6,,,
Promise House ,"Emergency Shelter for children, teens and",,Dallas 
www.promisehouse.org ,families. Providing a temporary sanctuary for,,214-941-8578 
"224 W. Page Ave., Dallas, TX 75208 ","homeless, runaway, and abandoned youth",,
,living in North Texas. Transitional program for,,
,ages 16 – 24 and Maternity Group housing,,
,for women 20 – 24 (including infants). ,,
Transitional Living Programs ,Description ,,Phone
 AGAPE Resource & Assistance Center , Provides housing and transitional services to,,Plano 
,"homeless single women, moms and their",,469-814-0453 
,children. With the help of case workers and,,info@hope4agape.
www.hope4agape.org ,,,org 
,"counselors, women and children typically stay",,
,"with Agape from 6 months to a year, during",,
,"which they gain the skills, strength and",,
,stability for self-sufficiency. ,,
Bella House ,"A faith-based residence for homeless,",,Plano 
www.bellahouse.org ,pregnant women and provides for,,469-249-2656 
,"immediate needs of women, and babies",,
,"including food, clothing & baby items. ",,
,"Programs include: parenting, nutrition,",,
,"budgeting, boundary setting, healthy",,
,"relationships, adoption, etc. Each woman can",,
,stay in the home with her child until she,,
,graduates from the program. ,,
CITY House -Transitional Living Program ,Residents ages newborn to 17 are provided a,,972-424-4626 
www.cityhouse.org/ ,"21-day residential stay with access to food,",,
,"clothing, and shelter, individual and family",,
,"counseling, medical examination upon intake,",,
,"academic assistance, transportation",,
,"assistance, and therapeutic group classes in",,
,Collin County.,Transitional Program for,
,Youth 18 – 21 ys. ,,
Emily’s Place ,Primarily for women and children survivors of,,Plano 
www.emilysplacetx.org ,domestic violence in Collin County. Includes,,972-424-7775 
,"counseling, vocational assistance, life skills",,
,"development, employment assistance and",,
,spiritual nurturing. Transportation to,,
,Addiction Programs available for residents,,
,with at least 1 year of sobriety. Residency is,,
,available and encouraged for up to two,,
,years. ,,
7,,,
Mater Filius Dallas ,Provides housing for pregnant women,972-836-9378 
www.materfiliusdallas.org ,"18+. After birth, mother and child can",info@materfiliusd
,stay in the house for up to 8 months.,allas.org 
,Rooted in Catholic traditions but,
,"welcome mothers regardless of martial,",
,"socioeconomic status,or religious beliefs. ",
Our Friend’s Place ,Program provides young women ages 18-24 ,Dallas 
www.ourfriendsplace.org ,in Dallas with a supportive home and teaches,214-520-6268 
,the skills young women need to lead self-,
"2501 Oak Lawn Avenue, Suite 500",sufficient lives. Curriculum stresses the,
"Dallas, TX 75219 ","importance of education, career planning,",
,"financial literacy, and self-reliance. ",
Shared Housing ,Offers a commitment of up to 12 months to,Dallas 
www.sharedhousing.org ,homeless single parents with children and,214-821-8510 
,older adults. Services include ,
"402 N. Good Latimer Expressway,","crisis intervention, educational/employment",
"Dallas, Texas 75204 ","assistance, economic self sufficiency",
,"programs, social & recreational Programs. ",
Shiloh Place ,Shiloh Place is a ministry to single,McKinney 
,moms and their children who are,469-534-9407 
http://www.shilohplacemckinney.com ,homeless or at risk of,
,homelessness in McKinney that,
,"offers housing, childcare, and",
,tuition assistance for up to two ,
,years. ,
8,,
,Support Groups ,
*The following resources are available in the community. Collin College’s Counseling Services does not endorse any,,
particular resource. It is the individual’s responsibility to research and make choices based upon information,,
received. ,,
Organization Name ,Description ,Phone
Al-Anon Family Groups ,Friends and family members of problem,Dallas 
www.al-anon.alateen.org ,drinkers share their experiences and learn,214-363-0461 
,how to apply the principles of the Al-Anon,
,program to their individual situations.,Fort Worth 
,Younger family members and friends can,817-336-2492 
,attend Ala-teen meetings. ,
Alcohol Anonymous ,Online directory for meeting times and,Dallas 
(Dallas Intergroup Association),locations for Alcohol Anonymous groups ,214-887-6699 
www.aadallas.org ,in Greater Dallas. ,
https://alcoholicsanonymous.com/aa-,,
meetings/texas/,,
Association of Persons Affected by ,"Provides job search and preparation,",Dallas 
Addiction (APAA) ,assistance in locating housing and,214-634-2722 
,advocating with housing providers to,
https://apaarecovery.org ,"extend housing to high-risk individuals,",
,"assistance in obtaining IDs, birth",
,"certificates, driver’s licenses, clothing, food,",
,"childcare, or dental/medical services; and",
,assistance in filing for eligible mainstream,
,benefits. ,
Because I Love You (BILY) ,Support group meetings for parents who,Richardson 
www.bily.org ,have children (of all ages) with behavioral,972-235-2316 
1st Presbyterian Church of Richardson ,"issues such as a negative attitudes, truancy,",
"271 N Walton St, Richardson, TX ","drug and/or alcohol abuse, running away,",
,and verbal and physical abuse. ,
Dallas County Asperger’s Self- ,Assists people with autism and related,Dallas 
Advocacy Group ,disorders throughout their lives. Services,972-644-2076 
www.atcoftexas.org ,"include residential, educational,",
"10503 Metric Dr., Dallas, TX 75243 ","therapeutic, adult programs, diagnostics",
,and research. ,
9,,
Computer Gaming Addicts Anonymous ,An online fellowship and recovery program,Helpline 
http://cgaa.info/online-meetings/ ,for compulsive video gamers. ,970-364-3497 
http://springcreekclub.org,"Members use a variety of tools, including a",Plano 
Cross Creek Village Shopping Center ,12- Step program of recovery. Local ,972-943-3399 
" 909 West Spring Creek Parkway, Suite",meetings are on Saturdays at 9 a.m. in,
"150, Plano, TX ",Plano. ,For inquiries: 
,,plano@ccgaa.info 
National Autism Assoc. of North Texas ,NAA-NT hosts several monthly parent,Plano 
Naa-nt.org ,"support groups, informative monthly",214-925-2722 
naaofnorthtexas@gmail.com,"meetings with speakers, sibling panels,",
,"biomedical roundtables, and self-advocacy",
,group meetings. ,
NAMI Collin County ,"Offers support for families, caregivers, and",214-341-7133 
https://www.naminorthtexas.org/ ,persons suffering from mental illness and,
,families with children and adolescents.,
Narcotics Anonymous ,Offers recovery from the effects of,972-699-9306 
www.na.org ,addiction through working a twelve-step,For a list of
http://www.dallasareana.org/ ,"program, including regular attendance at",meetings in your
,group meetings. Groups provides help,area. 
,from peers and offers an ongoing support,
,network for addicts who wish to maintain,
,a drug-free lifestyle. ,
St. Andrew’s United Methodist Church ,Grief Journey Workshop - Intended for anyone,Donna Fenwick
1401 Mira Vista Street ,who has experienced the death of a loved one,214.291.8011 
"Plano, TX 75093 ",and addresses a range of issues. ,
,Treasured Times Alzheimer’s Support-Provides,
,,Dana Bishop
www.standrewumc.org ,care to those in the early stages of Alzheimer’s,
,,972-618-3450
,Disease (AD) or related dementia. ,
,,#268 
,"Families Anonymous-Fellowship of parents,",
,"relatives, and friends dealing with a loved one’s",
,"addiction to alcohol, drugs, or harmful",
,behaviors. ,
,"Wednesdays at 7:30 p.m., Room 233 ",
10,,
,,Counseling Services ,
*The following resources are available in the community. Collin College’s Counseling Services does not endorse any,,,
particular resource. It is the individual’s responsibility to research and make choices based upon information,,,
received. ,,,
Organization Name ,,Description ,Phone
Child & Family Guidance ,,Offers a range of programs designed to,Call Center 
https://www.childrenandfamilies.org ,,"equip children, adults, and families with",214-351-3490 
,,skills and resources needed to reduce the,866-695-3794 
,,symptoms of mental illness and emotional,
8915 Harry Hines Blvd. ,,distress. Staff is bilingual in Spanish and,
"Dallas, TX",75235,"Asian languages. Offices in Dallas, Mesquite",
,,and Plano. ,
CITY House ,,Offers community counseling services with a,972-424-4626 
www.cityhouse.org ,,licensed therapist for family problems such,
,,"as at-risk behaviors, running away, family",
901 East 18th Street ,,"and relationship conflict, school based",
"Plano, TX 75074 ",,concerns and self-image. Families and/or,
,,individuals participate in eight free sessions.,
,,The majority of youth services are for youth ,
,,going through transition housing 13-18 yrs. ,
 Collin County Children’s Advocacy ,,"Specializing in trauma-informed therapy,",972-633-6600 
,,staff offers services both to abused children,
http://www.caccollincounty.org/ ,,and to their non-offending family members,
,,who are dealing with the aftermath of abuse. ,
"2205 Los Rios Blvd., Plano, TX 75074 ",,,
The Counseling Institute of Texas ,,Not-for-profit community counseling agency,Garland 
www.citexas.wordpress.com ,,"helping children, adolescents, and adults",972-271-4300 
,,"cope with marital and/or family problems,",
"3200 Southern Drive, Suite 100 ",,"adolescent issues, divorce, blended families,",
"Garland, TX",75043,"school truancy and drop-out prevention,",
,,"physical and sexual abuse, depression,",
,,"suicide, anger management, and a variety of",
,,other issues. ,
Jewish Family Services ,,"Provides individual, family, marriage, or",972-437-9950 
,,group counseling to include personal,
www.jfsdallas.org ,,"emotional crises such as depression,",
,,"anxiety, mood disorders, and/or serious",
5402 Arapaho Rd. ,,personal difficulties including conflicts in,
"Dallas, TX 75248 ",,interpersonal relationships such as,
,,marriage or peer friendships. Also offers,
,,rental and utility bill assistance. ,
11,,,
Life Path Systems ,Provides Mental Health and Substance,,Crisis Hotline 
www.lifepathsystems.org ,Abuse Services in Collin County and,,877-422-5939
,specializes in providing services to those,,
,individuals diagnosed with a serious,,
,"mental illness, substance use disorder, or",,Plano 
"7308 Alma Dr., Plano, TX 75025 ",both. They provide treatment for adults ,,972-422-5939 
,and early childhood intervention for,,
" 1515 Heritage Dr., McKinney, TX 75069 ",developmentally delayed infants and their,,
,families.,Children aged 3-17 and adults of,McKinney 
,any age.,,972-562-9647 
Medical City Green Oaks Hospital ,Offers mental health services to include,,Dallas 
 www.medicalcitygreenoaks.com ,"adult day treatment, outpatient",,972-991-9504 
,"counseling services, drug and alcohol",,
 Locations: ,treatment.,Inpatient psychiatric care for,
 Dallas ,adults and adolescents and an integrated,,
 Plano ,Behavioral Health Clinic for outpatient,,
 Los Colinas ,counseling services. ,,
Metrocare Services ,Services for those with developmental and,,1-877-283-2121 
www.metrocareservices.org ,mental health challenges. Provides services,,
,and programs for children through adults,,
"1380 River Bend Drive, ","including outpatient clinics, rehabilitative",,
"Dallas, TX 75247 ","programs, housing and homeless services,",,
,"24-hour emergency services, hospital",,
,"liaison services, intensive family services,",,
,and long-term support services. ,,
Mosaic Family Services , Multicultural Counseling Program ,,
home@mosaicservices.org ,offers a culturally-sensitive counseling ,,24 HR Crisis 
,model that meets the unique needs of ,,214-823-4434 
,foreign born survivors of human rights ,,
" 12225 Greenville Ave., Suite 800 ","abuse. Services include Legal Representation,",,214-821-5393 
" Dallas, TX ","shelter, counseling, client advocacy and",,
,community education. ,,
Richland Oaks Counseling Center ,"Provides psychotherapy for individuals,",,Therapy
www.richlandoaks.org ,"couples, and families and marital and pre-",,Appointments 
1221 Abrams Rd. Suite 325 ,marital counseling. Psychological testing and 469-619-7622 ,,
"Richardson, TX 75081 ",evaluation also provided. ,,
,They offer a sliding scale and payment plans.,,Assessment
"6401 Eldorado Pkwy, Suite 327 ","Clinicians are fluent in Spanish, Vietnamese,",,Appointments 
"McKinney, TX 75070 ","Urdu, Punjabi, Hindu, and Korean. ",,469-609-7622 
12,,,
SMU Center for Family Counseling ,"Provides counseling for families, couples,", 214-768-6789 
SMU East Center for Family Counseling ,"blended families, parent/child, sibling issues",
"6116 N. Central Expressway, Suite 410 ",and other relationship concerns. ,Collin College 
,"Individual counseling includes personal,",Students only pay 
"Dallas, TX 75206 ",,
,social and career related counseling.,$5 
,"Adolescent, Group Counseling and Play",
,Therapy for Children are also offered. ,
STARRY Counseling , Provides counseling services at no cost to,CRISIS HOTLINE 
www.starry.org ,families with children up to 18 years old.,844-226-1789 
,"Services include individual, group and family",24/7 
info.mckinney@starry.org ,counseling as well as parenting classes. Crisis,
,Hotline for emergency use only to help,McKinney 
" 4501 Medical Center Drive, Ste. 300 ","families avoid imminent abuse, runaways and",469-617-7476 
"McKinney, TX 75069 ",severe family conflict. Also provides,
,emergency services to children placed in,Dallas 
,foster care by CPS. ,214-238-0801 
Suicide and Crisis Center ,Free and confidential 24-hour telephone,24 HR 
www.sccenter.org ,crisis intervention service; (SOS) support,214-828-1000 
,group for those who have experienced the,
2808 Swiss Ave ,loss of a loved one to suicide. Other services,Admin. 
"Dallas, TX 75204 ",include Crisis Debriefing; In-service Training,214-824-7020 
,and Speaker Bureau. All services are free to,
,the community of North Texas. ,
Texas Health Resources-Behavioral,"Treats Anxiety & Depression, Psychiatric",1-877-847-9355 
Health ,"services, Drug & Alcohol treatment ",Free Evaluation 
,Intensive outpatient (IOP) and partial,
https://www.texashealth.org/Health-,hospitalization (PHP) for mental health,"Offices in: Allen,"
and-Wellness/Behavioral-Health ,and substance abuse issues ,"Dallas, Frisco and"
,,Richardson 
The Turning Point ,"Provides free counseling, education,",24 HR 
(Rape Crisis Center) ,and advocacy for those impacted by,800-886-RAPE
www.theturningpoint.org ,sexual assault. Also offers trauma-,(7273) 
,sensitive yoga groups for survivors. ,
Courtney’s SAFE Place at The Turning,Free forensic clinic that provides,1-800-886-7273 
Point ,trauma-informed care for anyone 18,
,and older who have experienced,
3325 Silverstone Dr. ,sexual assault within the last 120,
"Plano, TX ",hours. Forensic nurses perform a,
,medical legal exam and advocates,
,connect survivors with resources for,
,"counseling, legal services, shelter",
,and follow up medical care. ,
13,,
UNT Child & Family Resource Clinic ,Community clinic offers counseling to,Denton 
,"children, adolescents, adults, couples and",940-565-2066 
www.coe.unt.edu/child-and-family-,"families for issues including learning,",Sliding scale except for
resource-clinic ,emotional and adjustment difficulties. ,psychological
,,educational testing. 
,Psychological assessments evaluate a child's,
1180 Union Circle ,(up to 18 years old) intellectual and learning,
"Denton, TX 76203 ","abilities, speech and language concerns, and",
,emotional or psychological challenges. ,
YAP – Youth Advocate Program ,Specializes in working with adults and youth ,Dallas 
www.yapinc.org/whatwedo/adult ,with autism spectrum disorders and,214-821-6505 
,developmental disabilities. Provide both,
545 Mockingbird Lane ,outpatient services and in-home and school-,
Suite 4000 ,based services. ,
"Dallas, TX 75235 ",,
14,,
,Domestic Violence Services ,,,
*The following resources are available in the community. Collin College’s Counseling Services does not endorse any,,,,
particular resource. It is the individual’s responsibility to research and make choices based upon information,,,,
received. ,,,,
Organization ,,Description ,Phone,
Brighter Tomorrows ,,"Located in Irving, program provides a 24-hour",24 HR Crisis Hotline ,
www.brightertomorrows.net ,,"crisis hotline, emergency shelter, adult and",972-262-8383 ,
,,"child counseling, case management,",,
,,"transitional housing, sexual assault services",Administration ,
,,and thrift stores. ,972-254-4003 ,
Denton County Friends of the ,,The Violence Intervention and Prevention,24 HR Crisis Hotline ,
Family ,,Program offers help to people who are,940.382.7273 ,
 www.dcfof.org ,,abusive or become violent in intimate,1.800.572.4031 ,
,,relationships.,"Also offers counseling,",Office 
,,advocacy services and emergency shelter for,940-387-5131 ,
,,survivors of relationship violence and sexual,,
,,assault. ,,
Genesis Women’s Shelter ,,"24-hour crisis hotline, emergency shelter,", 24 HR Hotline ,
www.genesisshelter.org ,,"transitional housing, individual and group",214-946-HELP,
,,"therapy, parenting classes, legal services, and",(4357) ,
"4411 Lemmon Ave., Suite 201 ",,protective orders. ,,
"Dallas, TX 75219 ",,,Office ,
,,,214.389.7700 ,
Hope’s Door New Beginning Center ,,Offers Battering Intervention & Prevention,24 HR Crisis Hotline ,
www.hopesdoorinc.org ,,"Program (BIPP); Counseling, Emergency",972-276-0057,
 www.hdnbc.org ,,Shelters; Legal Advocacy; Project Hope (2-hr,,
,,class for those wishing to pursue affidavit of,Offices ,
860 F. Ave. Suite 100 ,,non-prosecution (dropped charges) for,972-422-2911 ,
"Plano, TX 75074 ",,domestic violence crime; Community,Plano ,
,,Education; and LBTQ Services. ,972-276-0423 ,
218 N. 10th Street ,,,Garland ,
"Garland, TX",75040,,,
The Family Place ,,"Provides free, comprehensive services",24 HR Hotline ,
www.familyplace.org ,,"including emergency shelter, transitional",214-941-1991 ,
,,"housing, child development center,",,
"Dallas, TX ",,"community-based counseling, incest",Office ,
,,"recovery program, supervised child",214-559-2170 ,
,,"visitation, battering intervention and legal",,
,,services.,,
15,,,,
Islamic Association of Collin ,Provides services in response to the social,,24 HR Helpline 
County ,needs of the Muslim communities of North,,469-361-1467 
,Dallas. Offers a referral and mediation-based,,
www.planomasjid.org ,"program assisting in: Domestic abuse, family",,
,"and marriage mediation, psychological and",,Office 
6401 Independence Parkway ,medical help. ,,972-491-5800 
"Plano, Texas 75023 ",,,
Peaceful Oasis Shelter ,Provides social and family violence services,,972-880-4192 
Texas Muslim Women’s Foundation,"through Peaceful Oasis Shelter, leadership",,24 HR Hotline 
,skills development for Muslim youth;,,
www.tmwf.org/family-violence ,interfaith outreach to create greater,,469-467-6241 
,cultural understanding. ,,
,Also provides training and education on,,
,"domestic violence, online safety for youth,",,
,"mental wellness, financial literacy, and",,
,women’s entrepreneurship. ,,
Safe Haven of Tarrant County &,Serves domestic violence victims in Fort,,877-701-SAFE 
Resource Center ,"Worth, Arlington, and the surrounding areas",,(7233) 
in Arlington and Fort Worth ,providing services at no cost.,24-hour,24 HR Hotline 
,"emergency shelters, counseling, legal services,",,
www.safehaventc.org ,children’s programs and more.,Accepts,817-548-0583
,victims in Collin County. ,,Arlington
,,,817-536-5496 
,,,Ft. Worth-Resource
,,,Center 
16,,,
,Drug Treatment Referrals ,,
*The following resources are available in the community. Collin College’s Counseling Services does not endorse any,,,
particular resource. It is the individual’s responsibility to research and make choices based upon information,,,
received. ,,,
Organization Name ,,Description ,Phone
Access Counseling Group ,, Substance abuse treatment programs and,972-423-8727 
www.accesscounselinggroup.com ,,services for individuals and families affected,Plano 
,,by drug and alcohol abuse in Collin County,
2600 Avenue K. Ste. 102 ,,and the surrounding Dallas Counties. ,
"Plano, TX ",,Programs include Education classes for: DWI;,972-905-6574 
,,Drug Offender; Repeat Offender ,Frisco 
4280 Main #300 ,,,
"Frisco, Texas ",,,
 Carrollton Springs ,,Inpatient and intensive outpatient programs,Carrollton 
www.carrolltonsprings.com ,,include addiction treatment and mental,972-544-7980 
2225 Parker Road ,,health recovery assistance. Senior adult,
"Carrollton, TX 75010 ",,programs available. Includes computer-,
,,based education and recovery management,Plano 
Changes ,,programs during and after treatment. ,972-212-5487 
 www.ChangesPlano.com ,, Plano location intensive outpatient services,
"5920 Ave. K, Plano ",only. ,,
Youth 180,(formerly Dallas Challenge) ,Licensed Level III and Level IV outpatient,214-942-5166 
www.Youth180tx.org ,,adolescent treatment facility provides: ,(Main line for drug
,,,treatments) 
,,Chemical assessments and drug testing.,
"7777 Forest Lane, Suite C-410 ",,"Alcohol and drug education, individual,",Office 
"Dallas, Texas 75230 ",,family and crisis counseling. ,972-566-4680 
Life Management Resources ,,Fully integrated facilities include ,972-985-7565 
www.lifemanagementresources.com ,,"detoxification, residential treatment,",
,,"outpatient treatment, and medication",
"2301 Ohio Dr., #150 ",,management in Plano & McKinney. ,
"Plano, TX 75093 ",,Group sessions meet three times a week for,
,,eight weeks. Aftercare continues for 12,
,,months following graduation. Sliding scale,
,,fees and Medicaid managed care. ,
Medical City Green Oaks ,,Alcohol & Drug treatment programs that,CRISIS:
Adult Intensive Outpatient Program ,,provides assistance to adults and their,972.770.0818 
www.greenoakspsych.com ,,families through the early recovery stages of,
,,chemical dependency. Also provides,Office 
"4001 W. 15th Street, Ste. 465 ",,Individual counseling and an intensive,972-985-1599 
"Plano, TX 75093 ",,program for those returning to work. ,Insurance-based
Locations in Dallas and Los Colinas ,,,
17,,,
NEXUS Recovery Center ,,Offers programs for Prevention and,214-321-0156 
www.nexusrecovery.org ,,"intervention; medical detoxification,",Dallas 
,,residential treatment; intensive and,
,,supportive outpatient care; recovery support,
,,services; Alumni and aftercare services and,
,,“PPI” program for pregnant mothers and,
,,"those with children offering case mgmt.,",
,,"infant care & safety classes, drug education",
,,and parenting classes. ,
North Point Family Center ,,Adolescent and Adult inpatient and ,940-320-8100 
of University Behavioral Health ,,Outpatient services. Chemical Dependency,Denton 
,,Program provides detox for persons addicted,
www.ubhdenton.com/contact-us ,,"to alcohol, medications, and drugs while",1-888-320-8101 
,,focusing on recovery through 12 step,(24/7) 
2026 W. University Drive ,,principles as well as relapse prevention. ,
"Denton, TX",76201,,
Texas Health Resources-Behavioral,,Inpatient treatment for Drug & Alcohol,1-877-847-9355 
Health ,,Addiction and Psychiatric services ,Free Evaluation 
,,Outpatient treatment including intensive,
https://www.texashealth.org/Health-,,outpatient (IOP) and partial,"Offices in: Allen,"
and-Wellness/Behavioral-Health ,,,"Dallas, Frisco and"
,,hospitalization (PHP) for mental health,
,,,Richardson 
,,and substance abuse issues ,
18,,,
"Gay, Lesbian, Bisexual and Transgender ",,
*The following resources are available in the community. Collin College’s Counseling Services does not endorse any,,
particular resource. It is the individual’s responsibility to research and make choices based upon information,,
received. ,,
Organization Name ,Purpose ,Phone
GALA – Gay and Lesbian ,Committed to celebrating diversity and,
Alliance of North Texas ,enhancing equality for Lesbian Gay Bisexual,
,"and Transgender North Texans in schools,",
www.galanorthtexas.org ,"workplaces, and communities through",
info@galantx.org ,various events and fundraisers. ,
Legacy Counseling Center ,"Provides mental healthcare, substance abuse",214-941-7373 
www.legacycares.org ,"treatment, and special care housing services",
,for people challenged with HIV and AIDS. ,
"828 Tyler St. Dallas, TX 75208 ",,
Youth First of Texas ,"Provides educational programs, recreational",214-540-4471 
youth@myresourcecenter.org ,activities and behavioral health programs for,
,"youth 12 -18 years old, to equip them with",
,skills needed to lead open and productive,
,lives. Addresses specific issues that LGBTQ,
,teens face and also provides programming,
,and resources for parents and families. ,
Resource Center,Adult Resource Center is the primary,
http://www.rcdallas.org/what-we-do/health ,"lesbian, gay, bisexual, transgender,",1-866-657-2437 
,queer/questioning (LGBTQ) and HIV/AIDS,
"3918 Harry Hines Blvd., Dallas TX 75219 ",service organization in North Texas. Offers,
,behavioural health services including,
,"medication management, substance abuse ",
,"treatment, intensive outpatient program,",
,"individual counseling, HIV services and",
,transgender health services. ,
19,,
,Psychiatric Hospitals ,,
Organization Name ,Purpose ,,Phone
 CHANGES Outpatient of Plano ,Partial Hospitalization (PHP) 6 hrs day /5 days a,,972-212-5487 
(Carrollton Springs) ,week and Intensive Outpatient (IOP) 3 hrs day/5,,
 5920 K Avenue ,"days a week. Offers treatment for Mental Health,",,
" Plano, TX 75074 ",Chemical Dependency and Co-Occuring for,,
https://carrolltonsprings.com ,Adults. ,,
 Dallas Behavioral Healthcare,Partial Hospitalization (PHP) 5 hrs day/ 5days a,,972-982-0900 
Hospital ,"week and Intensive Outpatient (IOP) 3 ½ hrs, 3",,
www.dallasbehavioral.com ,"times a week. Child/Adolescent services, Adult",,
,"Psychiatry, Dual Diagnosis and Geriatric",,
,Psychiatry. No cost assessments. ,,
 Medical City McKinney ,Inpatient and outpatient treatment for adults,,972-547-8000 
 4500 Medical Center Dr ,and seniors with psychiatric conditions including,,
" McKinney, TX 75069 ","Anxiety and panic attacks, depression, addiction",,
,"disorders, suicidal and/or aggressive behavior,",,
http://medicalcitymckinney.com/servic,trauma & PTSD and bipolar disorder. ,,
e/psychiatry ,,,
Hickory Trail Hospital ,"24 hours a day, 7 days a week. No cost initial",,DeSoto 
www.hickorytrail.com ,evaluation. Serves specialized needs of,,972-298-7323 
,"children, adolescents, adults, and seniors with",,
2000 N. Old Hickory Trail ,"mental health issues such as depression,",,
"DeSoto, TX 75115 ","anxiety and stress, bipolar disorder, other",,
,"emotional and mood disorders, behavioral",,
,"problems, alcohol abuse and dependency,",,
,illicit and prescription drug abuse.,,
Children’s Medical Center ,Mental Health professionals specialize in treating,,Inpatient / Dallas: 
https://www.childrens.com/specialt,"eating disorders, depression, and other mood",,214-456-8899 
ies-services/specialty-centers-and-,"disorders, and preventing suicide in children and",,Outpatient
programs/psychiatry-and-,teens. ,,(Dallas and
psychology ,,,Plano): 
,,,214-456-5900 
Glen Oaks Hospital ,Inpatient and outpatient services for adults,,1-800-443-1109 
www.glenoakshospital.com ,18+ and Teens 12-17 struggling with,,24 Hr. Crisis Line 
,behavioral health or substance use,,
301 E. Division ,disorders.,Free assessments 24/7. ,Office 
"Greenville TX, 75402 ",,,903-454-6000 
Texas Health Resources-,"Inpatient treatment, Psychiatric services, ",,1-877-847-
Behavioral Health ,Outpatient treatment including intensive,,9355
,outpatient (IOP) and partial hospitalization,,Free Evaluation 
https://www.texashealth.org/Heal,(PHP) for mental health and substance abuse,,"Offices: Allen,"
th-and-Wellness/Behavioral-Health ,,,"Dallas, Frisco"
,issues ,,
,,,and Richardson 
20,,,
,Vocation / Employment ,
Organization Name ,Purpose ,Phone 
Career Transitions Workshop ,Faith-focused methodology helps the,972-702-0761 
Dallas Park Cities Baptist Church ,unemployed in their job search using,
Fellowship Hall ,"interview coaching, communication",
,"tips, networking, and more. 12-week",
http://www.pcbc.org/helping-,program is free. ,
people/ctw/ ,,
"3933 Northwest Parkway, Dallas ",,
Easterseals North Texas , Employment Services match skills and,817-759-7967 
,interests of people with disabilities and,1-888-617-7171 
http://www.ntx.easterseals.com ,provides personal support and long-term,
1424 Hemphill Street ,follow-up. ,
Fort Worth ,,
My Possibilities ,Program for Adults with cognitive,469-241-9100 
,disabilities ,
http://www.MyPossibilities.org ,Job Exploration & Job Training,
,Social Skills & Communication ,
1631 Dorchester Dr. ,Independent Living Skills ,
"Plano, TX 75075 ",Health & Wellness ,
,Creative Arts Development ,
Texas Workforce Commission ,"Offers career planning tools, job-search",469-229-0099 
,"resources, match skills to new careers",Plano
www.twc.state.tx.us ,and resources on training and,
,education programs. Information on,972-542-3381 
,occupational and industry and Texas,McKinney
,Job market. Apply for unemployment,
,benefits. Job assistance & resources for,To apply for assistance
,Veterans. ,go to:
,,ui.texasworkforce.org 
,,or call 
,,1-800-939-6631 
St. Andrews United ,"Free, weekly support/coaching group",972-380-8001 
Methodist Church,helping those who are out of work or,
,seeking a career change. Job,For more information
http://www.standrewumc.org/fina,"postings, networking, resume,",contact Dale Brewer at
nce-career-care ,"interviewing, etc. and volunteer",214-291-8082 or email
,coaches to assist one on one. ,BillFaumc@gmail.com 
5801 W Plano Pkwy ,,
"Plano, TX 75093 ",,
21,,
,Hotlines ,
*The following resources are available in the community. Collin College’s Counseling Services does not endorse any,,
particular resource. It is the individual’s responsibility to research and make choices based upon information,,
received. ,,
Organization Name ,Purpose ,Phone
 2-1-1 ,Free and confidential service that,2-1-1
,helps people across North,24 Hr / 7 Days 
 ww.211.org ,America find the local resources,
,"they need including food, ",
,"housing, employment,",
,"healthcare, counseling, and",
,more.,
Substance Abuse and Mental Health ,SAMHSA is a public agency within,Suicide Prevention Lifeline 
Services Administration (SAMHSA) ,the U.S. Department of Health and,800-799-4889 
,Human Services (HHS) making,
 www.samhsa.gov ,Substance use and mental,National Help Line 
,"disorder information, services, and",800-662-4357 
,research more accessible. ,
LifePath Systems Mental Health,Provides treatment and support,Crisis Help Line: 
Services ( Collin County Only) ,"to individuals with Mental Illness,",877-422-5939 
,"Substance Abuse, Intellectual and",
Replaces Value Options and,Developmental delays. ,
NorthSTAR in Collin County ,,
North Texas Behavioral Health,"Dallas, Ellis, Hunt, Kaufman,",Crisis Help Line 
Authority ,Nararro & Rockwall ,1-866-260-8000 
,Provides Mental Health and,
 http://ntbha.org/ ,Substance Abuse services for low,
,income individuals. ,
Child Protective Services (CPS) ,Provides resources for reporting,1-800-252-5400 
,"suspicions of abuse, neglect,",
www.txabusehotline.org ,"and exploitation of children,",
,"adults with disabilities, or",
,people who are elderly (65,
,years or older). ,
Family Law Hotline ,Provides free legal services,Family Violence Legal Line 
Family Violence Legal Line ,statewide to victims of domestic,1-800-374-HOPE (4673) 
,"and dating violence, sexual",
www.texasadvocacyproject.org ,"assault, and stalking. English and",Family Law Line 
,Spanish-speaking attorneys ,1-800-777-3247 
,available. ,TX Family Law Line 
,,1-877-899-8709 
22,,
The National Domestic Violence,"Offers support, crisis",1-800-799-7233 (HELP) 
Hotline ,"intervention information, and",24 HR
,referral services in over 170,
,languages. Visitors can find,1-800-787-3224 (TTY) 
http://www.thehotline.org/ ,information about domestic,
,"violence, safety planning, local",
,"resources, and legal help. ",
Turning Point ,Offers treatment and prevention,1-800-866-7273 
,"of bullying, sexual harassment,",24 HR
http://www.theturningpoint.org/ ,and sexual assault through,
,"individual counseling, community",
,"outreach, education, and legal",
,advocacy. ,
Runaway Hotline ,Provides prevention services to,Text: 512-872-5777 
 TexasYouth.org ,"youths, parents, siblings, and",
,other family members who are,Chat
http://www.dfps.state.tx.us/Youth_Hot,in need of a sympathetic ear.,http://www.dfps.state.tx.us/Yo
line/ ,Trained volunteers are on call,uth_Hotline/ 
,to provide guidance on youth-,
,"related concerns, referral",Call: 1-800-989-6884 
,"information, or simply listen. ",
"RAINN – Rape, Abuse, & Incest ", Services include finding a local,1-800-656-HOPE (4673) 
National Network ,health facility that is trained to,
,care for survivors of sexual assault.,
www.rainn.org/get-help/national-,Also offers sexual assault forensic,
sexual-assault- hotline ,"exams, local resources that can",
,assist with next steps toward,
,"healing and recovery, referrals for",
,"long term support, and basic",
,information about medical,
,concerns. ,
Volunteer Match ,Provides free professional,214-358-5173 
,counseling and advocacy services,
www.volunteermatch.org/search/org1to victims of crime and violence in ,,
0377.jsp ,both English and Spanish ,
,languages. ,
Suicide & Crisis Center of North ,Free and confidential crisis line,24 HR 214-828-1000 or 
Texas ,staffed by trained volunteers who,800-273-8255 
,are available to talk and listen 24,
www.sccenter.org ,"hours, 7 days a week. Offers",
,mental health screenings for,Text “Connect” to 741741 
,youth as well as suicide,
,awareness training for schools. ,
23,,
,Medical Referrals ,
*The following resources are available in the community. Collin College’s Counseling Services does not endorse any,,
particular resource. It is the individual’s responsibility to research and make choices based upon information,,
received. ,,
Organization Name ,Purpose ,Phone 
AIDS Services of Dallas ,"Services include advocacy, education, and",214-941-0523 
,the development of affordable housing,
www.aidsdallas.org ,options and community development,
,"opportunities, both for residents living with",
,"HIV/AIDS, and for economically",
,disadvantaged people. Also provides,
,morning and noon day meals five days each,
,week. ,
Collin County Adult Clinic ,Provides primary care services to the ,972-423-4941 – info 
,underserved and indigent population in ,
www.collincountyadultclinic.org ,North Texas. Clinical team is accustomed to,972-423-4891 –
,treating patients with chronic conditions,appointment line 
"2520 Ave K, Suite #100 ",including patients with Diabetes and,
"Plano, TX 75074 ",Hypertension. ,
Collin County Health Care Services ,"Services include WIC, immunizations, STD / ",972-548-5500 
,"HIV care, Breast Cancer screening,",McKinney
http://www.co.collin.tx.us/healthcare_s,primary care services (Primacare,
ervices/pages/default.aspx ,"Program), Coast2Coast RX card",972-633-3350 
,(discount prescription card) and,Plano
825 N. McDonald St. #130 ,Collin County Indigent Program. ,
"McKinney, TX 75069 ",,972-461-0813 
,,Wylie 
Community Health Clinic ,Non-profit free clinic that provides full-,972-547-0606 
,service clinic for uninsured low-income,Daytime appointments 
http://www.chc-mckinney.com/ ,families. ,only 
,,Proof of income for
"4510 Medical Center Drive, Ste. 204 ",,sliding scale payments 
"McKinney, TX 75069 ",,
Courtney’s SAFE Place at The Turning,Free forensic clinic that provides trauma-,1-800-886-7273 
Point ,informed care for anyone 18 and older,
,who have experienced sexual assault,
3325 Silverstone Dr. ,within the last 120 hours. Forensic nurses,
"Plano, TX ",perform a medical legal exam and,
,advocates connect survivors with,
,"resources for counseling, legal services,",
,shelter and follow up medical care. ,
24,,
Family Health Center at Virginia,Provides affordable primary medical,214-618-5600 
Parkways ,"care, OB/Gyn, child and adult dentistry",
,and counseling services for all family,Walk-ins accepted
,"members. Takes Medicaid, CHIP,",during regular
"4510 Medical Center Dr., Ste. 201 ",Medicare and other employer-based,business hours
"McKinney, TX (temporary location) ",insurances. Provides sliding scale fees,"Monday-Friday, "
,based on family size and income. ,8 am. – 5 pm. 
Health Services of North Texas ,"Provides medical care, prescription",1-800-974-2437 
Denton ,"assistance, behavioral health and",AIDS (Denton)
www.healthntx.org ,"counseling, infectious disease case",
,"management, nutrition and wellness, as",
,well as a Guardianship program to North,McKinney 
,Texans. Specializes treating HIV and offers,972-548-5526 
,free HIV testing. ,
Hope Clinic of McKinney ,Provides health care services and,469-712-4246 
,"resources to low-income, uninsured",
https://hopeclinicmckinney.org ,McKinney residents. Hope Clinic does not,
,charge a fee for services but asks for a,
103 E. Lamar St. ,donation. ,
"McKinney, TX 75069 ",,
HOPE Women’s Center ,Non-profit medical clinic serving Collin,972-562-4673 
,County and the surrounding North Dallas,McKinney 
http://myhope.org/index.php ,area. Provides free medical services and,
,accurate information on all options,Text HELPLINE to
"2740 Virginia Pkwy, Ste. 200 ","regarding unplanned pregnancy,",313131 for text
"McKinney, TX 75071","including education on abortion,",responses 
,"adoption, and parenting. ",
Pediplace ,Non-profit pediatric healthcare serving,972-436-7962 
www.pediplace.org ,children in North Texas from birth through,Lewisville 
,18 who are uninsured or those who qualify,
502 S Old Orchard Ln #126 ,for Medicaid or CHIP benefits. Services:,
"Lewisville, TX 75067 ","Treatment of illnesses, Preventive (Well-",
,"Child) care including immunizations, hearing",
Spring Creek Village ,and vision screenings and treatment of,214-420-8008 
"7989 Belt Line Rd., #120 ",chronic illnesses. ,Dallas 
"Dallas, TX 75248 ",,
Planned Parenthood of Greater ,"Offers preventive, primary care, which helps",1-800-230-PLAN 
Dallas ,prevent unintended pregnancies through,
,contraception; reduce the spread of,
www.plannedparenthood.org ,sexually transmitted infections through,
,testing and treatment; and screen for,
,cervical and other cancers. ,
25,,
Prism Health North Texas ,"Services include counseling, free HIV,",,214-521-5191 
(Formally AIDS Arms) ,"syphilis, and hepatitis C tests, free condoms",,Dallas 
www.prismhealthntx.org ,and clinical trials for qualified applicants. ,,
 Community & Client Service Admin.,,,
351 W. Jefferson Blvd. Ste. 300 ,,,
"Dallas, TX 75208 ",,,
Real Options for Women ,Provides education and services for,,214-238-9389 
,women to make informed choices when,,Allen 
 https://realoptionstx.com ,facing an unplanned pregnancy or possible,,
,STI infection. Offers free and confidential,,Text: 
"1776 W. McDermott Drive, Ste. 100","pregnancy testing, sonograms, options",,972-440-0167 
"Allen, TX 75013 ","counseling, and STI screenings. ",,
Starling Clinic ,"Health services offered: primary care,",,For appointments
,"urgent care, women’s health, diabetes",,call 972-517-2171 
 https://starlingclinic.com ,"center, heart health, allergy, asthma and",,Or book online 
,sinus care.,All visits are with a doctor.,
,Clinic open 7 days per week. Same day,,
280 Legacy Dr. #106 ,appointments and walk-in service.,,
"Plano, TX 75023 ",Insurances accepted. No insurance cost for,,
,consultation is $100.,Blood tests $5-50. ,
Women’s Veteran Health Program ,Services especially designed to meet the,,1-800-849-3597 
VA North Texas Healthcare System ,needs of women veterans including general,,
,"care, mental health care, Military Sexual",,
www.northtexas.va.gov/services/wome,"Trauma program, and management and",,
n/index.asp ,screening of chronic conditions.,,
 Wylie Children’s Medical Clinic ,Medicaid / CHIP; also provides pediatric,,972-801-9689 
https://healthservicesntx.org/wylie-,"care including well-visit exams, sick",,Wylie 
childrens-medical-clinic ,"visits, immunizations, and sport",,
,physicals. Treatment of illnesses.,,
303 S. Hwy. 78 ,,,
"Wylie, TSX 75098 ",,,
26,,,
Other Miscellaneous Referrals ,,
*The following resources are available in the community. Collin College’s Counseling Services does not endorse any,,
particular resource. It is the individual’s responsibility to research and make choices based upon information,,
received. ,,
Organization Name ,Purpose ,Phone
"Big Brothers, Big Sisters ",Community-based mentoring program,214-441-2227 
www.bbbstx.org ,matches children between 6 and 18 years of,Collin County 
,age with adult mentors and provides ,Office 
,"ongoing support to the child, volunteer",
,"mentor, and child’s family. ",
Collin County Veteran Services ,Provides assistance in application process ,972-881-3060 
www.co.collin.tx.us/veterans ,of VA and state benefits.,Plano
Texas Eating Disorder Association ,Provides individuals and their loved ones,Helpline: 
Http://texaseatingdisorderassociation.org ,with education and support about eating,866-837-1999 
,disorders while increasing community,
"2904 Floyd St., Suite B ","awareness, encouraging treatment and",Inquiries: 
"Dallas, TX 75204 ",providing information regarding the,info@yourteda.org 
,availability of appropriate professional,
(Formally The Elisa Project) ,services. ,
Friends Place (Adult Day services) ,Provides activities and socialization,972-274-2484 
,opportunities for individuals with,Desoto 
www.friendsplaceads.com/richardson ,Alzheimer’s Disease and needing Dementia,
,"care in the Richardson, McKinney, DeSoto,",972-437-2940 
,and surrounding Dallas areas. ,Richardson 
Frisco Texas Down Payment,Offers a Down Payment Assistance Program,972-292-5108 
Assistance Program ,designed to help low and moderate income,
,families employed by the City of Frisco or,
https://friscotexas.gov/690/Down-,the Frisco Independent School District to,
Payment-Assistance-Program ,purchase a home in the City of Frisco. ,
Green Path (Formerly known as ,Offers free consumer credit counseling and,1-800-550-1961 
Consumer Credit Counseling Services,"debt counseling, student loan repayment",
of N. Central Texas) ,"strategy, foreclosure prevention services,",
,and more. ,
Www.greenpath.com ,,
HHSC’S Medical Transportation ,Medicaid provides free transportation for Texas,1-877-633-8747 
Program,Health Steps patients who use Medicaid medical,Reservation Line 
https://hhs.texas.gov/services/health/me,"and dental services, Children & their parent or",
dicaid-chip/programs-services/medical-,caregiver can get free rides or money to help get,
transportation-program ,"to and from the doctor, dentist or hospital. ",
27,,
 Islamic Association of Collin County ,Services provided Free to uninsured. ,469-248-7903 
,"Provides Adult, Pediatric, Psychiatric, and",Plano (APPT ONLY) 
http://planomasjid.org/index.php/servi,Dental service by qualified Doctors and,
ces-38903/medical-86221 ,HIPPA certified volunteers. We also offer,
,Free five (5) blood tests ,
 6401 Independence Pkwy ,,
Journey of Hope ,"Provides group grief support to children,",972-964-1600 
www.johgriefsupport.org ,"adolescents, and their parents or adult",
,caregivers who have lost a loved one to,
3900 West 15th St. Suite 306 ,death. ,
"Plano, TX 75075 ",,
Legacy Adoption & Surrogacy ,"Provides caring, professional and affordable",817-784-7579 
www.legacyas.com ,adoption services throughout Texas by,
,"offering support during pregnancy,",
,screening of prospective families for,
,"adoptions, and surrogacy. ",
Legal Aid of North West Texas ,Provides free civil legal services to low,972-542-9405 
www.lanwt.org ,income residents in 114 Texas counties,McKinney
,throughout North and West Texas. ,
,,1-800-955-1407 
,,Denton 
Life Path Systems ,Services for children under 3 years old ,972-377-7289 
Early Childhood Services ,includes screenings and assessments for,Frisco 
,developmental delays such as hearing and,972-562-0331 
www.lifepathsystems.org/eci-,"vision; specialized skills training; physical,",McKinney
introduction ,"occupational, speech and language therapy; ",972-359-1110 
,activities to develop learning and eating,Allen 
,skills; activities to help social and emotional,972-722-7016 
,"development; nutritional services, and",Rockwall 
,more. ,
Lutheran Social Services ,Largest faith-based provider of foster care,972-620-0581 
Upbring Foster Care/Adoption,and adoption services in Texas with 14,Dallas 
services ,offices. ,
www.upbring.org/programs-and-,,
services/foster-in- texas ,,
North Texas Job Corps ,No-cost education and career technical,800-733-JOBS 
http://northtexas.jobcorps.gov/Home.,training program administered by the,
aspx ,U.S. Department of Labor that helps,972-542-2623 
,young people ages 16 through 24 with ,McKinney
,technical and academic training. ,
Texas Advocacy Project ,Provides free legal services statewide,Family Violence 
www.texasadvocacyproject.org ,to victims of domestic and dating,1-800-374-HOPE 
,"violence, sexual assault, and stalking. ",(4673) 
28,,
Texas Home Visiting ,Free program available in 32 counties that,972-578-8100 
https://www.dfps.state.tx.us/Preventi,matches families with a trained home,Home-based
on_and_Early_Intervention/Texas_Ho,visitor that supports families from,"Program Manager, "
me_Visiting/default.asp ,pregnancy until the time a child enters,Dallas 
,kindergarten. Programs include: Nurse-,
,"Family Partnership, Early Head Start,",
,Parents as Teachers and home instruction,
,for parents of preschool youngsters.,
Texas Department of Human ,Website provides information on Food,1-800-448-3927 
Services ,"Stamps, Medicaid, Meals on Wheels,",
,"disaster assistance, pregnancy support, TANF",
www.hhsc.state.tx.us ,Cash Help and more. ,
Texas Law Help ,"Website dedicated to providing free,",
www.texaslawhelp.org ,reliable legal information to low-income,
,Texans. Provides Legal Help Finder (by zip,
,"code), Legal Clinics, Legal Help FAQs and",
,other helpful organizations. ,
29,,
