Organization Name,URL,Description,Phone Number,Address
"undefined","www.acocares.or  g","","972-727-9131","200 South Mill St."
"","www.assistancecenter.org","","972-422-1850","307 Smith St."
"1 ","www.ccahelps.org","1","972-422-1125","1500 Jupiter Rd., Plano, TX 75074"
" ","www.ccgd.org","","972-219-4300","1401 Mira Vista"
" ","www.communitylifeline.org","","214-871-5065","2929 Hickory St., Dallas, TX 75226"
" ","www.salvationarmyusa.org","","972-542-0020","100 Cadiz St., Dallas, TX 75215"
"RESOURCE GUIDE ","www.ntfb.org","","972-423-8254","3712 Wichita Street, Ft. Worth, TX 76119"
" ","www.community-foodpantry.org","Counseling Department","972-542-6694","10505 Denton Drive, Dallas TX 75220"
" ","www.holynativity.org/outreach/the-","RESOURCE GUIDE","214-269-0906","2501 Oak Lawn Avenue, Suite 500"
" ","www.friscocenter.org","","972-547-4404","10503 Metric Dr., Dallas, TX 75243"
" ","www.austinstreet.org","","County: 972-422-1125","909 West Spring Creek Parkway, Suite"
"Revised: May 2022 ","www.dallaslife.org","","972-423-4292","1401 Mira Vista Street"
"2 ","www.elevatentx.org","","County: 972-422-1125","8915 Harry Hines Blvd."
"Other Miscellaneous Referrals...................................  27 ","www.familygateway.org","","972-422-1850","2205 Los Rios Blvd., Plano, TX 75074"
" ","www.familypromiseofcollincounty.org","Revised: May 2022","972-335-9495","3200 Southern Drive, Suite 100"
" ","www.salvationarmyusa.org","","214-501-2181","5402 Arapaho Rd."
"3 ","www.thesamaritaninn.org","2","469-385-1815","7308 Alma Dr., Plano, TX 75025"
"Community Resources ","www.ugmdallas.org","","214-428-4242","1515 Heritage Dr., McKinney, TX 75069"
"received. ","www.cityhous  e.  or  g","INDEX","972-358-4732","1380 River Bend Drive,"
"Organization Name Description Phone ","www.dallascounty.org/department/juve","Page","214-421-1380","12225 Greenville Ave., Suite 800"
"All Community Outreach","www.promisehouse.org","Community Resources.................................................   3","214-556-5916","1221 Abrams Rd. Suite 325"
"career counseling.","www.hope4agape.org","Homeless Shelters......................................................   5","214-823-4500","6401 Eldorado Pkwy, Suite 327"
"972-727-9131","www.bellahouse.org","Support Groups............................................................          9","972-442-6966","4501 Medical Center Drive, Ste. 300"
"Assistance Center of Collin County","www.cityhouse.org/","Counseling Services.....................................................         11","214-424-7000","2808 Swiss Ave"
"Plano,  TX 75074","www.emilysplacetx.org","Domestic Violence Services........................................         15","972-542-5302","3325 Silverstone Dr."
"-Holiday: Food and Gifts Christmas and Thanksgiving food. ","www.materfiliusdallas.org","Drug Treatment Referrals...........................................  17","214-637-6117","1180 Union Circle"
" ","www.ourfriendsplace.org","Gay, Lesbian, Bisexual & Transgender......................  19","214-638-2988","545 Mockingbird Lane"
"972-422-1125","www.sharedhousing.org","Psychiatric Hospitals...................................................  20","888-296-8099","4411 Lemmon Ave., Suite 201"
"Christian Community Action","www.al-anon.alateen.org","Vocation/Employment...............................................          21","972-424-4626","6401 Independence Parkway"
"Lewisville, TX 75057","www.aadallas.org","Hotlines.........................................................................  22","972-971-0278","2225 Parker Road"
"Food pantry-drive through assistance ","www.bily.org","Medical Referrals....................................................... ..  23","214-357-0391","7777 Forest Lane, Suite C-410"
" ","www.atcoftexas.org","Other Miscellaneous Referrals...................................  27","214-941-8578","2301 Ohio Dr., #150"
"972-219-4300","www.na.org","","469-814-0453","828 Tyler St. Dallas, TX 75208"
"Collin CARES ","www.standrewumc.org","","469-249-2656","3918 Harry Hines Blvd., Dallas TX 75219"
" (833) 696-0804 ","www.cityhouse.org","","972-424-4626","4500 Medical Center Dr"
"online.org  ","www.citexas.wordpress.com","3","972-424-7775","3933 Northwest Parkway, Dallas"
"Dallas","www.jfsdallas.org","","972-836-9378","1424 Hemphill Street"
"Dallas, TX 75247","www.lifepathsystems.org","Community Resources","214-520-6268","1631 Dorchester Dr."
"living in greater Dallas.  ","www.medicalcitygreenoaks.com","","214-821-8510","4510 Medical Center Drive, Ste. 204"
"214-871-5065","www.metrocareservices.org","*The following resources are available in the community. Collin College’s Counseling Services does not  endorse","469-534-9407","3325 Silverstone Dr."
"Community Lifeline Center","www.richlandoaks.org","any particular res  ource. It is the indivi  dual’s responsib ility to research and make choices based upon information","214-363-0461","4510 Medical Center Dr., Ste. 201"
"McKinney, TX 75069","www.starry.org","received.","817-336-2492","2740 Virginia Pkwy, Ste. 200"
"972-542-0020","www.sccenter.org","","214-887-6699","7989 Belt Line Rd., #120"
" ","www.theturningpoint.org","Organization Name Description Phone","214-634-2722","280 Legacy Dr. #106"
"4 ","www.coe.unt.edu/child-and-family-","","972-235-2316","2904 Floyd St., Suite B"
"Salvation Army","www.yapinc.org/whatwedo/adult","All Community Outreach","972-644-2076","6401 Independence Pkwy"
"www.salvationarmyusa.org ","www.brightertomorrows.net","","970-364-3497","undefined"
" ","www.dcfof.org","801 E. Main Street","972-943-3399","undefined"
"families, and the elderly.  ","www.genesisshelter.org","Allen, TX 75002","214-925-2722","undefined"
"Plano ","www.hopesdoorinc.org","Provider of free services for Collin County including financial","214-341-7133","undefined"
" ","www.hdnbc.org","assistance with household bills, utility and housing assistance,","972-699-9306","undefined"
"972-542-6694 ","www.familyplace.org","food, medical visits and prescriptions, and clothing.  Also offers","972-618-3450","undefined"
" ","www.planomasjid.org","GED classes, college assistance and financial coaching and","214-351-3490","undefined"
"Creek Parkway, McKinney ","www.tmwf.org/family-violence","career counseling.","866-695-3794","undefined"
" ","www.safehaventc.org","","972-424-4626","undefined"
" ","www.accesscounselinggroup.com","","972-633-6600","undefined"
"through Sundays.  Holiday hours may vary.","www.carrolltonsprings.com","Assistance Center of Collin County","972-271-4300","undefined"
"4637","www.ChangesPlano.com","","972-437-9950","undefined"
"North Texas Food Bank","www.Youth180tx.org","900 E. 18th Street","877-422-5939","undefined"
"Dallas, TX 75236","www.lifemanagementresources.com","Plano,  TX 75074","972-422-5939","undefined"
"Partner Agencies.  Serves 13 Counties including Collin.","www.greenoakspsych.com","","972-562-9647","undefined"
"214-269-0906 ","www.nexusrecovery.org","Serving qualifying low - income Individuals in the Plano","972-991-9504","undefined"
"Call Center","www.ubhdenton.com/contact-us","ISD Area","1-877-283-2121","undefined"
" ","www.galanorthtexas.org","-Financial Assistance to prevent homelessness","214-823-4434","undefined"
" ","www.legacycares.org","-Plano Food Pantry providing monthly visits","214-821-5393","undefined"
" ","www.dallasbehavioral.com","-Tools for School Provide free grade appropriate supplies","469-619-7622","undefined"
"McKinney","www.hickorytrail.com","-Information and Referral","469-609-7622","undefined"
"McKinney, TX 75069","www.glenoakshospital.com","-Holiday: Food and Gifts Christmas and Thanksgiving food.","214-768-6789","undefined"
"by any geographical scope.  ","www.twc.state.tx.us","","844-226-1789","undefined"
"972-547-4404","www.samhsa.gov","","469-617-7476","undefined"
"(in First Presbyterian Church Plano) ","www.txabusehotline.org","Assistance Hotline:","214-238-0801","undefined"
"plano.org/OutreachAndMissions.html","www.texasadvocacyproject.org","Office:","214-828-1000","undefined"
"County: 972-422-1125","www.rainn.org/get-help/national-","","214-824-7020","undefined"
"972-423-4292","www.volunteermatch.org/search/org1","Christian Community Action","1-877-847-9355","undefined"
"The Church of the Holy Nativity: ","www.sccenter.org","","1-800-886-7273","undefined"
"Food Pantry of Plano","www.aidsdallas.org","Lewisville, TX 75057","940-565-2066","undefined"
"food-p antry ","www.collincountyadultclinic.org","","214-821-6505","undefined"
"2200 18th St., Plano, TX 75074","www.healthntx.org","Providing Financial Assistance, education and vocational","972-262-8383","undefined"
"972-422-1850","www.pediplace.org","training, job search help, re-sale shops and an adult health","972-254-4003","undefined"
"Frisco Family Services","www.plannedparenthood.org","center for qualifying individuals living in their service area.","940-387-5131","undefined"
" 8780 3rd St., Frisco, TX 75034","www.prismhealthntx.org","Food pantry-drive through assistance","972-276-0057","undefined"
"and back to school clothing, shoes and supplies.  ","www.northtexas.va.gov/services/wome","","972-422-2911","undefined"
"972-335-9495","www.bbbstx.org","","972-276-0423","undefined"
"Hope Restored Missions ","www.co.collin.tx.us/veterans","","214-941-1991","undefined"
"Thestorehousecc.org ","www.friendsplaceads.com/richardson","(972) 219-4357","214-559-2170","undefined"
" ","www.johgriefsupport.org","Collin CARES","469-361-1467","undefined"
" ","www.legacyas.com","","972-491-5800","undefined"
" ","www.lanwt.org","https://www.collincountytx.gov/cares","972-880-4192","undefined"
"Blvd, Plano ","www.lifepathsystems.org/eci-","/Pages/rentalassistance2021.aspx","469-467-6241","undefined"
"5 ","www.upbring.org/programs-and-","Collin County Emergency Rental Assistance Program. Provides","817-548-0583","undefined"
"received. ","www.texasadvocacyproject.org","residential rent and utility assistance to qualifying household","817-536-5496","undefined"
"Adult Shelters Description Phone  ","www.hhsc.state.tx.us","located in Collin County and outside the city limits of Allen,","972-423-8727","undefined"
"Austin Street Shelter","www.texaslawhelp.org","Frisco, Dallas, McKinney and Plano.  Must provide proof of","972-905-6574","undefined"
"residents.","undefined","ongoing financial hardship due to COVID 19.","972-544-7980","undefined"
"Men: 45 and older   Women: 18 and older","undefined","(833) 696-0804","972-212-5487","undefined"
"Dallas","undefined","","214-942-5166","undefined"
"basics/ ","undefined","Email:","972-566-4680","undefined"
" ","undefined","ERAPquestions@ndc","972-985-7565","undefined"
"life skills, life coaching and mentoring.","undefined","online.org","972-985-1599","undefined"
"972-358-4732 ","undefined","","214-321-0156","undefined"
"ach.org ","undefined","Community Council of Greater","940-320-8100","undefined"
"Dallas Life Foundation","undefined","Dallas","1-  888-320-8101","undefined"
"Men & Women","undefined","","1-877-847-9355","undefined"
"100 Cadiz St., Dallas, TX 75215","undefined","1341 W. Mockingbird Ln. Suite 1000W","214-941-7373","undefined"
"Program.","undefined","Dallas, TX 75247","214-540-4471","undefined"
"Dallas","undefined","","972-212-5487","undefined"
"214-421-1380","undefined","Provides access to community services including MY RIDE for","972-982-0900","undefined"
"Carrollton, TX 75007","undefined","senior citizens, low-cost health coverage for children and","972-547-8000","undefined"
"reconnection.","undefined","teens, and multiple community youth development programs","972-298-7323","undefined"
"evatentx.org ","undefined","living in greater Dallas.","214-456-8899","undefined"
"Family Gateway","undefined","","214-456-5900","undefined"
"711 S St. Paul St., Dallas, TX 75201","undefined","","1-800-443-1109","undefined"
"financial literacy classes and education.","undefined","Community Lifeline Center","903-454-6000","undefined"
" ","undefined","","972-702-0761","undefined"
" ","undefined","1601 N. Waddill St. Suite 102","817-759-7967","undefined"
" ","undefined","McKinney, TX 75069","1-  888-617-7171","undefined"
"Family Promise of Collin County","undefined","","469-241-9100","undefined"
"972-442-6966 ","undefined","Assistance ranges from financial help – rent, utilities, food,","469-229-0099","undefined"
"6 ","undefined","other crisis assistance, job search training, credit and budget","972-542-3381","undefined"
"Salvation Army","undefined","counseling, and referral services.  Service area includes the","1-  800-939-6631","undefined"
"Housing assistance Dallas location only. ","undefined","cities of Altoga, Anna, Blue Ridge, Celina, Copeville,","972-380-8001","undefined"
" ","undefined","Farmersville, Josephine, Lavon, Lowery Crossing, McKinney,","214-291-8082 or email","undefined"
" ","undefined","Melissa, Nevada, New Hope, Princeton, Prosper, Westminster,","800-799-4889","undefined"
"Samaritan Inn","undefined","and Weston.","800-662-4357","undefined"
"service job training. ","undefined","","877-422-5939","undefined"
"McKinney","undefined","","1-866-260-8000","undefined"
"972-542-5302 ","undefined","4","1-800-252-5400","undefined"
" ","undefined","","1-800-777-3247","undefined"
"Union Gospel Mission","undefined","Salvation Army","1-  877-899-8709","undefined"
"clothing to homeless men and women (18 +)","undefined","","1-800-799-7233 (HELP)","undefined"
"and their children in Dallas County. ","undefined","","1-800-787-3224 (TTY)","undefined"
"Men’s Shelter","undefined","","1-800-866-7273","undefined"
"214-637-6117 ","undefined","Faith-based organization that provides rehabilitation, hunger","Text: 512-872-5777","undefined"
"214-638-2988 ","undefined","relief, and housing services for veterans, adults, children,","Call: 1-  800-989-6884","undefined"
" ","undefined","families, and the elderly.","214-358-5173","undefined"
" ","undefined","","214-828-1000 or","undefined"
" ","undefined","Plano","800-273-8255","undefined"
" ","undefined","","214-941-0523","undefined"
"Youth Only Shelters ","undefined","","972-423-4941 – info","undefined"
" ","undefined","","972-423-4891 –","undefined"
"Description  ","undefined","","972-548-5500","undefined"
"Phone","undefined","McKinney Emergency Overnight","972-633-3350","undefined"
"ACH – Child and Family Services ","undefined","Warming Shelter","972-461-0813","undefined"
" ","undefined","Location: Salvation Army, 600 Wilson","972-547-0606","undefined"
"HELP@ACHSERVICES.ORG","undefined","Creek Parkway, McKinney","1-800-886-7273","undefined"
" ","undefined","","214-618-5600","undefined"
"3712 Wichita Street, Ft. Worth, TX 76119","undefined","","1-800-974-2437","undefined"
" ","undefined","","972-548-5526","undefined"
"Youth Services","undefined","Opens at 7 pm – Monday – Thursday and 6 pm on Fridays","469-712-4246","undefined"
"909-1171.","undefined","through Sundays.  Holiday hours may vary.","972-562-4673","undefined"
" ","undefined","","972-436-7962","undefined"
"(4673)","undefined","For more information","214-420-8008","undefined"
" ","undefined","call or text: 214 -945-","214-521-5191","undefined"
"Toll Free:","undefined","4637","214-238-9389","undefined"
"888-296-8099","undefined","","972-440-0167","undefined"
"CITY House Homeless Children","undefined","North Texas Food Bank","call 972-517-2171","undefined"
"www.cityhous  e.  or  g ","undefined","","1-800-849-3597","undefined"
"Living Program in both Plano and Frisco. ","undefined","4500 S. Cockrell Hill Rd.","972-801-9689","undefined"
" ","undefined","Dallas, TX 75236","214-441-2227","undefined"
" ","undefined","","972-881-3060","undefined"
"972-424-4626 ","undefined","Taking applications for Food Stamps; Medicaid. Food Pantry","866-837-1999","undefined"
"972-971-0278 ","undefined","Referrals. Community Kitchen produces meals for North Texas","972-274-2484","undefined"
" ","undefined","Partner Agencies.  Serves 13 Counties including Collin.","972-437-2940","undefined"
"Letot – Dallas County Juvenile Facility","undefined","","972-292-5108","undefined"
" ","undefined","","1-800-550-1961","undefined"
"runaway youth in Dallas county.","undefined","Call Center","1-877-633-8747","undefined"
"Dallas","undefined","","469-248-7903","undefined"
"214-357-0391 ","undefined","","972-964-1600","undefined"
" ","undefined","","817-784-7579","undefined"
"7 ","undefined","","972-542-9405","undefined"
"Promise House","undefined","Community Food Pantry of","1-800-955-1407","undefined"
"224 W. Page Ave., Dallas, TX 75208","undefined","McKinney","972-377-7289","undefined"
"Dallas","undefined","","972-562-0331","undefined"
"214-941-8578","undefined","McKinney, TX 75069","972-359-1110","undefined"
" ","undefined","","972-722-7016","undefined"
"Transitional Living Programs ","undefined","Program provides basic foods to people and families that have","972-620-0581","undefined"
"Description ","undefined","lost their jobs, lost income due to illness, or who have had an","972-542-2623","undefined"
" AGAPE Resource & Assistance Center ","undefined","addition to their family and cannot make ends meet. Filling","972-578-8100","undefined"
" ","undefined","gap between Food Stamp applications and award. Not bound","1-800-448-3927","undefined"
"www.hope4agape.org ","undefined","by any geographical scope.","undefined","undefined"
"www.bellahouse.org ","undefined","","undefined","undefined"
"graduates from the program.","undefined","","undefined","undefined"
"469-249-2656","undefined","Clothes Closet of Plano","undefined","undefined"
"CITY House -Transitional Living Program ","undefined","(in First Presbyterian Church Plano)","undefined","undefined"
"www.cityhouse.org/","undefined","","undefined","undefined"
"Youth 18 –   21 ys. ","undefined","http://www.fpc-","undefined","undefined"
" ","undefined","plano.org/OutreachAndMissions.html","undefined","undefined"
"Emily’s Place","undefined","","undefined","undefined"
"www.emilysplacetx.org ","undefined","Provides gently used causal business clothing to the","undefined","undefined"
" ","undefined","community.","undefined","undefined"
"years. ","undefined","Clients are referred through Assistance Center of Collin","undefined","undefined"
"Plano","undefined","","undefined","undefined"
"972-424-7775","undefined","","undefined","undefined"
" ","undefined","The Church of the Holy Nativity:","undefined","undefined"
"8 ","undefined","","undefined","undefined"
"www.materfiliusdallas.org ","undefined","Food Pantry of Plano","undefined","undefined"
" ","undefined","","undefined","undefined"
"socioeconomic status,or religious beliefs. ","undefined","food-p antry","undefined","undefined"
"allas.org","undefined","","undefined","undefined"
"Our Friend’s Place","undefined","2200 18th St., Plano, TX 75074","undefined","undefined"
"www.ourfriendsplace.org ","undefined","","undefined","undefined"
"Dallas, TX 75219","undefined","Anyone living in the Plano Independent School District","undefined","undefined"
"Dallas","undefined","may apply to receive food to feed a family for one week.","undefined","undefined"
"Shared Housing","undefined","Clients are referred through Assistance Center of Collin","undefined","undefined"
"www.sharedhousing.org ","undefined","","undefined","undefined"
"Dallas, Texas 75204","undefined","Frisco Family Services","undefined","undefined"
"Dallas","undefined","","undefined","undefined"
"214-821-8510","undefined","8780 3rd St., Frisco, TX 75034","undefined","undefined"
"Shiloh Place","undefined","","undefined","undefined"
" ","undefined","Provides families and individuals living in Frisco or within","undefined","undefined"
"McKinney","undefined","the Frisco ISD limits with one time only emergency","undefined","undefined"
"469-534-9407","undefined","financial assistance, food, vouchers for clothing and","undefined","undefined"
" ","undefined","household goods at Frisco Resale, adult life skills classes,","undefined","undefined"
" ","undefined","and back to school clothing, shoes and supplies.","undefined","undefined"
" ","undefined","","undefined","undefined"
" ","undefined","","undefined","undefined"
" ","undefined","Hope Restored Missions","undefined","undefined"
" ","undefined","","undefined","undefined"
" ","undefined","https://hoperestoredmissions.org","undefined","undefined"
" ","undefined","1947 K Ave., Ste. 300","undefined","undefined"
" ","undefined","Plano, TX 75074","undefined","undefined"
" ","undefined","Provides case management, housing referrals, job","undefined","undefined"
" ","undefined","placement/training, computer lab, emergency food","undefined","undefined"
" ","undefined","referrals and food stamp program resources. Also","undefined","undefined"
"9 ","undefined","provides medical care & dental care resources along with","undefined","undefined"
"Support Groups ","undefined","emotional support and education assistance for GED and","undefined","undefined"
"received. ","undefined","ESL.","undefined","undefined"
"Phone ","undefined","Mon.-Fri.","undefined","undefined"
"Al-Anon Family Groups","undefined","10 am-4 pm","undefined","undefined"
"Dallas","undefined","By Appointment","undefined","undefined"
"214-363-0461 ","undefined","The Storehouse of Collin County","undefined","undefined"
"Alcohol Anonymous","undefined","Seven Loaves-Food Pantry","undefined","undefined"
"www.aadallas.org","undefined","Joseph’s Coat-Clothing  Closet","undefined","undefined"
"meetings/texas/   ","undefined","Project Hope-Mentorship for women","undefined","undefined"
" ","undefined","Thestorehousecc.org","undefined","undefined"
" ","undefined","","undefined","undefined"
" ","undefined","","undefined","undefined"
"Dallas","undefined","","undefined","undefined"
"214-887-6699","undefined","","undefined","undefined"
"Association of Persons Affected by","undefined","Provides food and clothing to residents of Collin County.","undefined","undefined"
"Addiction (APAA) ","undefined","Must show proof of residency.  Project Hope provides","undefined","undefined"
"https://apaarecovery.org ","undefined","mentorship, training, education and hope to women (18","undefined","undefined"
"benefits.","undefined","yrs.+) who are in negative cycles of poverty and","undefined","undefined"
"Dallas","undefined","dependence.","undefined","undefined"
"214-634-2722","undefined","Blvd, Plano","undefined","undefined"
"Because I Love You (BILY)","undefined","","undefined","undefined"
"271 N Walton St, Richardson, TX","undefined","5","undefined","undefined"
"Richardson","undefined","","undefined","undefined"
"972-235-2316","undefined","Homeless Shelters","undefined","undefined"
"Dallas County Asperger’s Self-","undefined","*The following resources are available in the community. Collin College's Counseling Services does not endorse any","undefined","undefined"
"www.atcoftexas.org","undefined","particular resource. It is the individual's responsibility to research and make choices based upon information","undefined","undefined"
"10503 Metric Dr., Dallas, TX 75243","undefined","received.","undefined","undefined"
"and research. ","undefined","","undefined","undefined"
"Dallas","undefined","Adult Shelters Description Phone","undefined","undefined"
"972-644-2076 ","undefined","","undefined","undefined"
" ","undefined","Austin Street Shelter","undefined","undefined"
"10 ","undefined","","undefined","undefined"
"Computer Gaming Addicts Anonymous","undefined","Emergency shelter and a transitional living","undefined","undefined"
"http://cgaa.info/online-meetings/ ","undefined","facility for those with employment.","undefined","undefined"
"http://springcreekclub.org","undefined","Substance abuse and psychological","undefined","undefined"
"150, Plano, TX ","undefined","counseling are available. Services are","undefined","undefined"
"for compulsive video gamers.  ","undefined","provided at no cost to Dallas county","undefined","undefined"
"970-364-3497 ","undefined","residents.","undefined","undefined"
"Plano","undefined","","undefined","undefined"
"972-943-3399 ","undefined","Men: 45 and older   Women: 18 and older","undefined","undefined"
"plano@ccgaa.info","undefined","","undefined","undefined"
" ","undefined","Dallas","undefined","undefined"
"National Autism Assoc. of North Texas","undefined","","undefined","undefined"
"Naa-nt.org","undefined","Blake’s House – Women","undefined","undefined"
"Plano","undefined","His House –   Men","undefined","undefined"
"214-925-2722","undefined","https://jimrileyoutreach.org/program-","undefined","undefined"
"NAMI Collin County","undefined","basics/","undefined","undefined"
"https://www.naminorthtexas.org/ ","undefined","","undefined","undefined"
"214-341-7133","undefined","","undefined","undefined"
"Narcotics Anonymous","undefined","Provides housing for homeless women","undefined","undefined"
"972-699-9306","undefined","(Blake’s House) and men (His House) 18-25.","undefined","undefined"
"area.","undefined","Program centers around the development of","undefined","undefined"
"St. Andrew’s United Methodist Church","undefined","life skills, life coaching and mentoring.","undefined","undefined"
"Plano, TX 75093  ","undefined","","undefined","undefined"
"www.standrewumc.org ","undefined","","undefined","undefined"
" ","undefined","info@jimrileyoutre","undefined","undefined"
" ","undefined","ach.org","undefined","undefined"
" ","undefined","","undefined","undefined"
" ","undefined","Dallas Life Foundation","undefined","undefined"
" ","undefined","","undefined","undefined"
" ","undefined","Men & Women","undefined","undefined"
" ","undefined","","undefined","undefined"
"Disease (AD) or related dementia.","undefined","","undefined","undefined"
"behaviors.","undefined","Faith Based Program. Shelter and meals are","undefined","undefined"
"214.291.8011 ","undefined","served daily.  Clothing is provided for daily","undefined","undefined"
" ","undefined","living, job interviews, as well as for children.","undefined","undefined"
"#268","undefined","Fee of $12 daily or sign up for a 10 month","undefined","undefined"
" ","undefined","program which is free. Outside jobs","undefined","undefined"
" ","undefined","encouraged after three months and housing","undefined","undefined"
" ","undefined","assistance with completion of the 10 month","undefined","undefined"
" ","undefined","Program.","undefined","undefined"
" ","undefined","","undefined","undefined"
" ","undefined","Dallas","undefined","undefined"
" ","undefined","","undefined","undefined"
" ","undefined","","undefined","undefined"
"11 ","undefined","Elevate North Texas Youth Shelter","undefined","undefined"
"Counseling Services ","undefined","1901 E. Peters Colony Rd.","undefined","undefined"
"received. ","undefined","Carrollton, TX 75007","undefined","undefined"
"Child & Family Guidance ","undefined","","undefined","undefined"
"  https://www.childrenandfamilies.org ","undefined","Provides emergency shelter for youth 18 –","undefined","undefined"
" ","undefined","24. Programs include Host Homes or Hotel","undefined","undefined"
"  Dallas, TX  75235 ","undefined","Vouchers and offers Reunification and family","undefined","undefined"
"Call Center","undefined","reconnection.","undefined","undefined"
"214-351-3490","undefined","","undefined","undefined"
"866-695-3794 ","undefined","Email:JasonV@el","undefined","undefined"
"CITY House","undefined","evatentx.org","undefined","undefined"
"  www.cityhouse.org ","undefined","","undefined","undefined"
"going through transition housing 13-18 yrs. ","undefined","Family Gateway","undefined","undefined"
"972-424-4626","undefined","","undefined","undefined"
" Collin County Children’s Advocacy","undefined","711 S St. Paul St., Dallas, TX 75201","undefined","undefined"
" ","undefined","","undefined","undefined"
"  http://www.caccollincounty.org/ ","undefined","Shelter works with Partner Agencies in the","undefined","undefined"
"  2205 Los Rios Blvd., Plano, TX 75074","undefined","Dallas community to deliver services","undefined","undefined"
"972-633-6600","undefined","including mental and physical health care;","undefined","undefined"
"The Counseling Institute of Texas","undefined","employment readiness and job training;","undefined","undefined"
"  www.citexas.wordpress.com ","undefined","financial literacy classes and education.","undefined","undefined"
"Garland","undefined","","undefined","undefined"
"Jewish Family Services","undefined","","undefined","undefined"
" ","undefined","","undefined","undefined"
"  www.jfsdallas.org ","undefined","","undefined","undefined"
"972-437-9950","undefined","Family Promise of Collin County","undefined","undefined"
" ","undefined","","undefined","undefined"
" ","undefined","Sustainable Independence Program","undefined","undefined"
" ","undefined","(SIP)","undefined","undefined"
" ","undefined","Provides food, shelter and support services","undefined","undefined"
" ","undefined","for Collin County families with children as","undefined","undefined"
" ","undefined","they regain sustainable independence. All","undefined","undefined"
" ","undefined","services are provided based on demonstrated","undefined","undefined"
" ","undefined","need.","undefined","undefined"
" ","undefined","","undefined","undefined"
" ","undefined","6","undefined","undefined"
" ","undefined","","undefined","undefined"
"12 ","undefined","Salvation Army","undefined","undefined"
" ","undefined","","undefined","undefined"
" ","undefined","Group homes, emergency shelters, and","undefined","undefined"
" ","undefined","transitional living centers provide housing,","undefined","undefined"
" ","undefined","food, and overnight lodging. Rental and","undefined","undefined"
" ","undefined","utility assistance offered. Also provides","undefined","undefined"
" ","undefined","educational, counseling and vocational","undefined","undefined"
" ","undefined","services to homeless individuals and families.","undefined","undefined"
" ","undefined","Housing assistance Dallas location only.","undefined","undefined"
"Life Path Systems","undefined","","undefined","undefined"
"www.lifepathsystems.org ","undefined","","undefined","undefined"
" ","undefined","","undefined","undefined"
" ","undefined","Samaritan Inn","undefined","undefined"
"7308 Alma Dr., Plano, TX 75025 ","undefined","","undefined","undefined"
"877-422-5939 ","undefined","Homeless shelter for individuals and families","undefined","undefined"
" ","undefined","who live in Collin County; limited overnight","undefined","undefined"
"Plano","undefined","emergency shelter. Also","undefined","undefined"
"972-422-5939","undefined","provides classes in a","undefined","undefined"
" ","undefined","variety of life skills: parenting, budgeting, job","undefined","undefined"
" ","undefined","training, computer skills, and customer","undefined","undefined"
"McKinney","undefined","service job training.","undefined","undefined"
"972-562-9647 ","undefined","","undefined","undefined"
"Medical City Green Oaks Hospital","undefined","McKinney","undefined","undefined"
"  www.medicalcitygreenoaks.com ","undefined","","undefined","undefined"
" Los Colinas ","undefined","","undefined","undefined"
" ","undefined","","undefined","undefined"
"   ","undefined","Union Gospel Mission","undefined","undefined"
"Metrocare Services","undefined","","undefined","undefined"
"  www.metrocareservices.org ","undefined","The Union Gospel Mission is a faith-based","undefined","undefined"
"1-877-283-2121","undefined","homeless shelter providing food, beds, and","undefined","undefined"
"Mosaic Family Services","undefined","clothing to homeless men and women (18 +)","undefined","undefined"
"  home@mosaicservices.org ","undefined","","undefined","undefined"
" ","undefined","and their children in Dallas County.","undefined","undefined"
" Dallas, TX ","undefined","","undefined","undefined"
"community education. ","undefined","Men’s Shelter","undefined","undefined"
" ","undefined","","undefined","undefined"
"24 HR Crisis","undefined","","undefined","undefined"
"214-823-4434 ","undefined","Women’s  &","undefined","undefined"
"214-821-5393","undefined","Children’s","undefined","undefined"
" ","undefined","Center","undefined","undefined"
"Richland Oaks Counseling Center","undefined","","undefined","undefined"
"  Richardson, TX 75081 ","undefined","","undefined","undefined"
"  McKinney, TX 75070","undefined","","undefined","undefined"
"evaluation also provided. ","undefined","","undefined","undefined"
"Urdu, Punjabi, Hindu, and Korean.","undefined","","undefined","undefined"
"469-619-7622 ","undefined","Youth Only Shelters","undefined","undefined"
"469-609-7622 ","undefined","","undefined","undefined"
" ","undefined","","undefined","undefined"
" ","undefined","Description","undefined","undefined"
"13 ","undefined","","undefined","undefined"
" 214-768-6789 ","undefined","Phone","undefined","undefined"
"$5  ","undefined","","undefined","undefined"
"STARRY Counseling","undefined","ACH – Child and Family Services","undefined","undefined"
"  www.starry.org ","undefined","","undefined","undefined"
"  info.mckinney@starry.org","undefined","","undefined","undefined"
" ","undefined","HELP@ACHSERVICES.ORG","undefined","undefined"
"  4501 Medical Center Drive, Ste. 300","undefined","","undefined","undefined"
"  McKinney, TX 75069","undefined","","undefined","undefined"
"foster care by CPS.  ","undefined","","undefined","undefined"
"24/7 ","undefined","","undefined","undefined"
"469-617-7476 ","undefined","Note: Absorbed The Bridge Emergency","undefined","undefined"
"214-238-0801 ","undefined","Youth Services","undefined","undefined"
" ","undefined","","undefined","undefined"
" ","undefined","Adoption, Foster Care & Turning Point for","undefined","undefined"
" ","undefined","persons in CPS Region 3 (includes Collin).","undefined","undefined"
"Suicide and Crisis Center","undefined","Offers crisis intervention, acute stabilization","undefined","undefined"
"  www.sccenter.org ","undefined","and family preservation programs.  Immediate","undefined","undefined"
"the community of North Texas.","undefined","assessment and crisis intervention is available","undefined","undefined"
"24 HR","undefined","24 hours a day, 7 days a week by calling 817-","undefined","undefined"
"214-828-1000 ","undefined","909-1171.","undefined","undefined"
"Health ","undefined","","undefined","undefined"
"and substance abuse issues","undefined","","undefined","undefined"
" ","undefined","817-335-HOPE","undefined","undefined"
"Free Evaluation ","undefined","(4673)","undefined","undefined"
"The Turning Point","undefined","","undefined","undefined"
"sensitive yoga groups for survivors. ","undefined","","undefined","undefined"
"24 HR","undefined","Toll Free:","undefined","undefined"
"Point ","undefined","","undefined","undefined"
"Plano, TX  ","undefined","","undefined","undefined"
"and follow up medical care.","undefined","CITY House Homeless Children","undefined","undefined"
"1-800-886-7273 ","undefined","","undefined","undefined"
"14 ","undefined","Center","undefined","undefined"
"UNT Child & Family Resource Clinic","undefined","","undefined","undefined"
" ","undefined","901 East 18th Street Plano,   T X 75074","undefined","undefined"
"resource-clinic ","undefined","Serves youth newborn to 21-years-old","undefined","undefined"
"Denton","undefined","through three primary programs —an","undefined","undefined"
"940-565-2066","undefined","Emergency Shelter for children in Plano,","undefined","undefined"
"educational testing.","undefined","Outpatient Counseling Services for","undefined","undefined"
" ","undefined","individuals and families, and Transitional","undefined","undefined"
" ","undefined","Living Program in both Plano and Frisco.","undefined","undefined"
" ","undefined","","undefined","undefined"
" ","undefined","","undefined","undefined"
" ","undefined","","undefined","undefined"
" ","undefined","Plano","undefined","undefined"
" ","undefined","","undefined","undefined"
" ","undefined","Emergency","undefined","undefined"
" ","undefined","","undefined","undefined"
" ","undefined","","undefined","undefined"
" ","undefined","Letot – Dallas County Juvenile Facility","undefined","undefined"
" ","undefined","","undefined","undefined"
" ","undefined","","undefined","undefined"
" ","undefined","nile/letot.php","undefined","undefined"
" ","undefined","Emergency shelter, licensed by the Texas","undefined","undefined"
" ","undefined","Department of Family and Protective","undefined","undefined"
" ","undefined","Services, provides crisis intervention,","undefined","undefined"
" ","undefined","diversion programs, and counseling for","undefined","undefined"
" ","undefined","runaway youth in Dallas county.","undefined","undefined"
" ","undefined","","undefined","undefined"
" ","undefined","Dallas","undefined","undefined"
"YAP – Youth Advocate Program","undefined","","undefined","undefined"
"  www.yapinc.org/whatwedo/adult ","undefined","","undefined","undefined"
"Dallas","undefined","","undefined","undefined"
"214-821-6505 ","undefined","7","undefined","undefined"
"15 ","undefined","","undefined","undefined"
"Domestic Violence Services ","undefined","Promise House","undefined","undefined"
"received. ","undefined","","undefined","undefined"
"Brighter Tomorrows","undefined","224 W. Page Ave., Dallas, TX 75208","undefined","undefined"
"and thrift stores. ","undefined","","undefined","undefined"
"972-262-8383","undefined","Emergency Shelter for children, teens and","undefined","undefined"
" ","undefined","families. Providing a temporary sanctuary for","undefined","undefined"
"Denton County Friends of the","undefined","homeless, runaway, and abandoned youth","undefined","undefined"
"Genesis Women’s Shelter ","undefined","living in North Texas. Transitional program for","undefined","undefined"
"  www.genesisshelter.org ","undefined","ages 16 –   24 and Maternity Group housing","undefined","undefined"
"protective orders.","undefined","for women 20 –   24 (including infants).","undefined","undefined"
"(4357) ","undefined","Dallas","undefined","undefined"
"Office","undefined","","undefined","undefined"
"214.389.7700 ","undefined","","undefined","undefined"
"Hope’s Door New Beginning Center","undefined","","undefined","undefined"
" www.hdnbc.org ","undefined","Transitional Living Programs","undefined","undefined"
"  Plano, TX 75074 ","undefined","","undefined","undefined"
"Education; and LBTQ Services. ","undefined","Description","undefined","undefined"
" ","undefined","","undefined","undefined"
" ","undefined","Phone","undefined","undefined"
"972-276-0057   ","undefined","AGAPE Resource & Assistance Center","undefined","undefined"
"Offices","undefined","","undefined","undefined"
"Garland","undefined","","undefined","undefined"
"The Family Place","undefined","","undefined","undefined"
"  www.familyplace.org ","undefined","Provides housing and transitional services to","undefined","undefined"
"   Dallas, TX ","undefined","homeless single women, moms and their","undefined","undefined"
" ","undefined","children. With the help of case workers and","undefined","undefined"
"services. ","undefined","counselors, women and children typically stay","undefined","undefined"
"24 HR Hotline","undefined","with Agape from 6 months to a year, during","undefined","undefined"
"214-941-1991","undefined","which they gain the skills, strength and","undefined","undefined"
" ","undefined","stability for self-sufficiency.","undefined","undefined"
"Office","undefined","Plano","undefined","undefined"
"214-559-2170 ","undefined","info@hope4agape.","undefined","undefined"
"16 ","undefined","org","undefined","undefined"
"Islamic Association of Collin","undefined","Bella House","undefined","undefined"
"County ","undefined","","undefined","undefined"
"  www.planomasjid.org ","undefined","A faith-based residence for homeless,","undefined","undefined"
"medical help. ","undefined","pregnant women and provides for","undefined","undefined"
"469-361-1467","undefined","immediate needs of women, and babies","undefined","undefined"
" ","undefined","including food, clothing & baby items.","undefined","undefined"
" ","undefined","Programs include: parenting, nutrition,","undefined","undefined"
"972-491-5800","undefined","budgeting, boundary setting, healthy","undefined","undefined"
" ","undefined","relationships, adopt","undefined","undefined"
"Peaceful Oasis Shelter","undefined","ion, etc. Each woman can","undefined","undefined"
"Muslim Women’s    Foundation ","undefined","stay in the home with her child until she","undefined","undefined"
"972-880-4192","undefined","graduates from the program.","undefined","undefined"
"24 HR Hotli ne ","undefined","","undefined","undefined"
"Resource Center ","undefined","Plano","undefined","undefined"
"in Arlington and Fort Worth ","undefined","","undefined","undefined"
"  www.safehaventc.org ","undefined","CITY House -Transitional Living Program","undefined","undefined"
" ","undefined","","undefined","undefined"
"victims in Collin County.","undefined","","undefined","undefined"
" ","undefined","Residents ages newborn to 17 are provided a","undefined","undefined"
"(7233) ","undefined","21-day residential stay with access to food,","undefined","undefined"
"24 HR Hotli ne ","undefined","clothing, and shelter, individual and family","undefined","undefined"
"Arlington ","undefined","counseling, medical examination upon intake,","undefined","undefined"
"Center","undefined","academic assistance, transportation","undefined","undefined"
" ","undefined","assistance, and therapeutic group classes in","undefined","undefined"
" ","undefined","Collin County.  Transitional Program for","undefined","undefined"
" ","undefined","Youth 18 –   21 ys.","undefined","undefined"
" ","undefined","","undefined","undefined"
" ","undefined","","undefined","undefined"
" ","undefined","Emily’s Place","undefined","undefined"
" ","undefined","","undefined","undefined"
" ","undefined","","undefined","undefined"
" ","undefined","","undefined","undefined"
" ","undefined","Primarily for women and children survivors of","undefined","undefined"
" ","undefined","domestic violence in Collin County. Includes","undefined","undefined"
"17 ","undefined","counseling, vocational assistance, life skills","undefined","undefined"
"Drug Treatment Referrals ","undefined","development, employment assistance and","undefined","undefined"
"received. ","undefined","spiritual nurturing. Transportation to","undefined","undefined"
"Access Counseling Group","undefined","Addiction Programs available for residents","undefined","undefined"
"  www.accesscounselinggroup.com ","undefined","with at least 1 year of sobriety. Residency is","undefined","undefined"
"  Plano, TX  ","undefined","available and encouraged for up to two","undefined","undefined"
"972-423-8727 ","undefined","years.","undefined","undefined"
"Plano","undefined","","undefined","undefined"
" ","undefined","Plano","undefined","undefined"
" ","undefined","","undefined","undefined"
"Frisco","undefined","","undefined","undefined"
" Carrollton Springs ","undefined","","undefined","undefined"
"  Carrollton, TX 75010 ","undefined","8","undefined","undefined"
"programs during and after treatment.","undefined","","undefined","undefined"
"only.","undefined","Mater Filius Dallas","undefined","undefined"
"Carrollton","undefined","","undefined","undefined"
"972-544-7980","undefined","","undefined","undefined"
" ","undefined","Provides housing for pregnant women","undefined","undefined"
" ","undefined","18+. After birth, mother and child can","undefined","undefined"
"Plano","undefined","stay in the house for up to 8 months.","undefined","undefined"
"972-212-5487","undefined","Rooted in Catholic traditions but","undefined","undefined"
"Youth 180 (formerly Dallas Challenge)","undefined","welcome mothers regardless of martial,","undefined","undefined"
"  www.Youth180tx.org ","undefined","socioeconomic status,or religious beliefs.","undefined","undefined"
"family and crisis counseling. ","undefined","","undefined","undefined"
" ","undefined","info@materfiliusd","undefined","undefined"
" ","undefined","allas.org","undefined","undefined"
"214-942-5166 ","undefined","","undefined","undefined"
"treatments) ","undefined","Our Friend’s Place","undefined","undefined"
"972-566-4680","undefined","","undefined","undefined"
"Life Management Resources","undefined","","undefined","undefined"
"  www.lifemanagementresources.com ","undefined","Dallas, TX 75219","undefined","undefined"
"972-985-7565","undefined","","undefined","undefined"
" ","undefined","Program provides young women ages 18-24","undefined","undefined"
" ","undefined","in Dallas with a supportive home and teaches","undefined","undefined"
"Medical City Green Oaks","undefined","the skills young women need to lead self-","undefined","undefined"
"Adult Intensive Outpatient Program ","undefined","sufficient lives. Curriculum stresses the","undefined","undefined"
"  www.greenoakspsych.com ","undefined","importance of education, career planning,","undefined","undefined"
"  Locations in Dallas and Los Colinas ","undefined","financial literacy, and self-reliance.","undefined","undefined"
"program for those returning to work.","undefined","Dallas","undefined","undefined"
"972.770.0818 ","undefined","","undefined","undefined"
"972-985-1599","undefined","Shared Housing","undefined","undefined"
"Insurance-b ased ","undefined","","undefined","undefined"
"18 ","undefined","","undefined","undefined"
"NEXUS Recovery Center","undefined","402 N. Good Latimer Expressway,","undefined","undefined"
"214-321-0156","undefined","Dallas, Texas 75204","undefined","undefined"
"Dallas ","undefined","","undefined","undefined"
"North Point Family Center","undefined","Offers a commitment of up to 12 months to","undefined","undefined"
"of University Behavioral Health ","undefined","homeless single parents with children and","undefined","undefined"
"  www.ubhdenton.com/contact-us ","undefined","older adults. Services include","undefined","undefined"
"940-320-8100","undefined","crisis intervention, educational/employment","undefined","undefined"
"Denton","undefined","assistance, economic self sufficiency","undefined","undefined"
" ","undefined","programs, social & recreational Programs.","undefined","undefined"
"1-  888-320-8101","undefined","Dallas","undefined","undefined"
"(24/7)","undefined","","undefined","undefined"
"Health ","undefined","","undefined","undefined"
"and substance abuse issues ","undefined","Shiloh Place","undefined","undefined"
"Free Evaluation ","undefined","","undefined","undefined"
"Richardson ","undefined","","undefined","undefined"
" ","undefined","http://www.shilohplacemckinney.com","undefined","undefined"
" ","undefined","Shiloh Place is a ministry to single","undefined","undefined"
" ","undefined","moms and their children who are","undefined","undefined"
" ","undefined","homeless or at risk of","undefined","undefined"
" ","undefined","homelessness in McKinney that","undefined","undefined"
" ","undefined","offers housing, childcare, and","undefined","undefined"
" ","undefined","tuition assistance for up to two","undefined","undefined"
" ","undefined","years.","undefined","undefined"
" ","undefined","McKinney","undefined","undefined"
" ","undefined","","undefined","undefined"
" ","undefined","","undefined","undefined"
" ","undefined","","undefined","undefined"
" ","undefined","","undefined","undefined"
" ","undefined","","undefined","undefined"
" ","undefined","","undefined","undefined"
" ","undefined","","undefined","undefined"
" ","undefined","","undefined","undefined"
" ","undefined","","undefined","undefined"
" ","undefined","","undefined","undefined"
" ","undefined","","undefined","undefined"
" ","undefined","","undefined","undefined"
" ","undefined","","undefined","undefined"
" ","undefined","","undefined","undefined"
" ","undefined","9","undefined","undefined"
" ","undefined","","undefined","undefined"
" ","undefined","Support Groups","undefined","undefined"
" ","undefined","","undefined","undefined"
" ","undefined","*The following resources are available in the community. Collin College’s Counseling Services does not endorse any","undefined","undefined"
" ","undefined","particular resource. It is the individual’s responsibility to research and make choices based upon information","undefined","undefined"
" ","undefined","received.","undefined","undefined"
" ","undefined","","undefined","undefined"
" ","undefined","Organization Name","undefined","undefined"
" ","undefined","Description","undefined","undefined"
" ","undefined","Phone","undefined","undefined"
" ","undefined","","undefined","undefined"
"19 ","undefined","Al-Anon Family Groups","undefined","undefined"
" ","undefined","","undefined","undefined"
" ","undefined","Friends and family members of problem","undefined","undefined"
" ","undefined","drinkers share their experiences and learn","undefined","undefined"
"Gay, Lesbian, Bisexual and Transgender ","undefined","how to apply the principles of the Al-Anon","undefined","undefined"
"received. ","undefined","program to their individual situations.","undefined","undefined"
"GALA – Gay and Lesbian","undefined","Younger family members and friends can","undefined","undefined"
"Alli ance of North T exas","undefined","attend Ala-teen meetings.","undefined","undefined"
" ","undefined","Dallas","undefined","undefined"
"various events and fundraisers. ","undefined","","undefined","undefined"
" ","undefined","","undefined","undefined"
"Legacy Counseling Center","undefined","Fort Worth","undefined","undefined"
"  www.legacycares.org ","undefined","Alcohol Anonymous","undefined","undefined"
"for people challenged with HIV and AIDS.","undefined","","undefined","undefined"
"214-941-7373 ","undefined","(Dallas Intergroup   Association)","undefined","undefined"
"Youth First of Texas","undefined","","undefined","undefined"
"youth@myresourcecenter.org ","undefined","https://alcoholicsanonymous.com/aa-","undefined","undefined"
" ","undefined","meetings/texas/","undefined","undefined"
"     ","undefined","","undefined","undefined"
" ","undefined","","undefined","undefined"
" ","undefined","","undefined","undefined"
" ","undefined","","undefined","undefined"
"http://www.rcdallas.org/what-we-do/health ","undefined","Online directory for meeting times and","undefined","undefined"
"and resources for parents and families. ","undefined","locations for Alcohol Anonymous groups","undefined","undefined"
"transgender health services.","undefined","in Greater Dallas.","undefined","undefined"
"214-540-4471","undefined","Dallas","undefined","undefined"
" ","undefined","","undefined","undefined"
" ","undefined","","undefined","undefined"
" ","undefined","Association of Persons Affected by","undefined","undefined"
" ","undefined","","undefined","undefined"
" ","undefined","Addiction (APAA)","undefined","undefined"
" ","undefined","","undefined","undefined"
" ","undefined","https://apaarecovery.org","undefined","undefined"
" ","undefined","","undefined","undefined"
"1-  866-6 57-2437 ","undefined","Provides job search and preparation,","undefined","undefined"
" ","undefined","assistance in locating housing and","undefined","undefined"
" ","undefined","advocating with housing providers to","undefined","undefined"
" ","undefined","extend housing to high-risk individuals,","undefined","undefined"
" ","undefined","assistance in obtaining IDs, birth","undefined","undefined"
"20 ","undefined","certificates, driver’s licenses, clothing, food,","undefined","undefined"
"Psychiatric Hospitals ","undefined","childcare, or dental/medical services; and","undefined","undefined"
" ","undefined","assistance in filing for eligible mainstream","undefined","undefined"
"https://carrolltonsprings.com ","undefined","benefits.","undefined","undefined"
"www.dallasbehavioral.com ","undefined","","undefined","undefined"
"972-547-8000 ","undefined","Dallas","undefined","undefined"
" ","undefined","","undefined","undefined"
"Hickory Trail Hospital","undefined","","undefined","undefined"
"  www.hickorytrail.com ","undefined","Because I Love You (BILY)","undefined","undefined"
"DeSoto","undefined","","undefined","undefined"
"972-298-7323","undefined","1st Presbyterian Church of Richardson","undefined","undefined"
" ","undefined","271 N Walton St, Richardson, TX","undefined","undefined"
"Children’s Medical Center","undefined","","undefined","undefined"
"214-456-5900 ","undefined","Support group meetings for parents who","undefined","undefined"
"Glen Oaks Hospital","undefined","have children (of all ages) with behavioral","undefined","undefined"
"  www.glenoakshospital.com ","undefined","issues such as a negative attitudes","undefined","undefined"
"1-800-443-1109","undefined",", truancy,","undefined","undefined"
"24 Hr. Crisis Line ","undefined","drug and/or alcohol abuse, running away,","undefined","undefined"
"Behavioral Health ","undefined","and verbal and physical abuse.","undefined","undefined"
"issues","undefined","Richardson","undefined","undefined"
" ","undefined","","undefined","undefined"
"and Richardson ","undefined","","undefined","undefined"
" ","undefined","Dallas County Asperger’s Self-","undefined","undefined"
" ","undefined","","undefined","undefined"
"21 ","undefined","Advocacy Group","undefined","undefined"
" ","undefined","","undefined","undefined"
"Vocation / Employment ","undefined","","undefined","undefined"
" ","undefined","Assists people with autism and related","undefined","undefined"
"Career Transitions Workshop","undefined","disorders throughout their lives. Services","undefined","undefined"
"Fellowship Hall ","undefined","include residential, educational,","undefined","undefined"
"program is free.","undefined","therapeutic, adult programs, diagnostics","undefined","undefined"
" ","undefined","and research.","undefined","undefined"
"972-702-0761","undefined","","undefined","undefined"
"Easterseals North Texas","undefined","Dallas","undefined","undefined"
" ","undefined","","undefined","undefined"
"http://www.ntx.easterseals.com","undefined","","undefined","undefined"
"1424 Hemphill Street","undefined","","undefined","undefined"
"Fort Worth","undefined","10","undefined","undefined"
"follow-up.","undefined","","undefined","undefined"
" ","undefined","Computer Gaming Addicts Anonymous","undefined","undefined"
"1-  888-617-7171","undefined","","undefined","undefined"
"My Possibilities  ","undefined","http://cgaa.info/online-meetings/","undefined","undefined"
"http://www.MyPossibilities.org","undefined","","undefined","undefined"
" ","undefined","http://springcreekclub.org","undefined","undefined"
"1631 Dorchester Dr.","undefined","","undefined","undefined"
"Plano, TX 75075","undefined","Cross Creek Village Shopping Center","undefined","undefined"
"disabilities ","undefined","150, Plano, TX","undefined","undefined"
"  Job Exploration & Job Training            ","undefined","","undefined","undefined"
"Social Skills & Communication ","undefined","An online fellowship and recovery program","undefined","undefined"
"Independent Living Skills ","undefined","for compulsive video gamers.","undefined","undefined"
"Health & Wellness ","undefined","","undefined","undefined"
"Creative Arts Development","undefined","Members use a variety of tools, including a","undefined","undefined"
"469-241-9100","undefined","12- Step program of recovery. Local","undefined","undefined"
" ","undefined","meetings are on Saturdays at 9 a.m. in","undefined","undefined"
"Texas Workforce Commission","undefined","Plano.","undefined","undefined"
" ","undefined","Helpline","undefined","undefined"
"  www.twc.state.tx.us ","undefined","","undefined","undefined"
" ","undefined","Plano","undefined","undefined"
"Veterans.","undefined","","undefined","undefined"
" ","undefined","","undefined","undefined"
" ","undefined","For inquiries:","undefined","undefined"
" ","undefined","plano@ccgaa.info","undefined","undefined"
"469-229-0099","undefined","","undefined","undefined"
"Plano ","undefined","","undefined","undefined"
"McKinney ","undefined","National Autism Assoc. of North Texas","undefined","undefined"
"St. Andrews United","undefined","","undefined","undefined"
"Methodist Church ","undefined","Naa-nt.org","undefined","undefined"
"nce-career-care ","undefined","","undefined","undefined"
"coaches to assist one on one. ","undefined","naaofnorthtexas@gmail.com","undefined","undefined"
"972-380-8001 ","undefined","NAA-NT hosts several monthly parent","undefined","undefined"
"BillFaumc@gmail.com","undefined","support groups, informative monthly","undefined","undefined"
" ","undefined","meetings with speakers, sibling panels,","undefined","undefined"
" ","undefined","biomedical roundtables, and self-advocacy","undefined","undefined"
" ","undefined","group meetings.","undefined","undefined"
"22 ","undefined","Plano","undefined","undefined"
" ","undefined","","undefined","undefined"
"Hotlines ","undefined","","undefined","undefined"
" ","undefined","NAMI Collin County","undefined","undefined"
"received. ","undefined","","undefined","undefined"
" 2-1-1","undefined","https://www.naminorthtexas.org/","undefined","undefined"
" ","undefined","","undefined","undefined"
"food,","undefined","Offers support for families, caregivers, and","undefined","undefined"
"Substance Abuse and Mental Health","undefined","persons suffering from mental illness and","undefined","undefined"
"Serv  ices Administration (SAMHSA) ","undefined","families with children and adolescents.","undefined","undefined"
"Suicide Prevention Lifeline","undefined","","undefined","undefined"
"800-799-4889","undefined","Narcotics Anonymous","undefined","undefined"
" ","undefined","","undefined","undefined"
"National Help Line","undefined","http://www.dallasareana.org/","undefined","undefined"
"800-662-4357","undefined","Offers recovery from the effects of","undefined","undefined"
" ","undefined","addiction through working a twelve-step","undefined","undefined"
" ","undefined","program, including regular attendance at","undefined","undefined"
"Services ( Collin County Only) ","undefined","group meetings. Groups provides help","undefined","undefined"
"NorthSTAR in Collin County","undefined","from peers and offers an ongoing support","undefined","undefined"
"Crisis Help Line:","undefined","network for addicts who wish to maintain","undefined","undefined"
"877-422-5939","undefined","a drug-free lifestyle.","undefined","undefined"
"Authority ","undefined","","undefined","undefined"
" ","undefined","For a list of","undefined","undefined"
"income individuals.","undefined","meetings in your","undefined","undefined"
"Crisis Help Line","undefined","area.","undefined","undefined"
"1-866-260-8000","undefined","","undefined","undefined"
" ","undefined","St. Andrew’s United Methodist Church","undefined","undefined"
"Child Protective Services (CPS)","undefined","","undefined","undefined"
" ","undefined","Plano, TX 75093","undefined","undefined"
"years or older).","undefined","","undefined","undefined"
"1-800-252-5400","undefined","","undefined","undefined"
" ","undefined","","undefined","undefined"
"Family Violence Legal Line ","undefined","","undefined","undefined"
"assault, and stalking.","undefined","","undefined","undefined"
"available. ","undefined","","undefined","undefined"
"1-  800-374-HOPE ( 4673) ","undefined","","undefined","undefined"
"1-  877-899-8709 ","undefined","","undefined","undefined"
" ","undefined","","undefined","undefined"
" ","undefined","Grief Journey Workshop -","undefined","undefined"
"23 ","undefined","Intended for anyone","undefined","undefined"
"Hotline","undefined","who has experienced the death of a loved one","undefined","undefined"
" ","undefined","and addresses a range of issues.","undefined","undefined"
" ","undefined","Treasured Times Alzheimer’s Support-Provides","undefined","undefined"
"resources, and legal help.","undefined","care to those in the early stages of Alzheimer’s","undefined","undefined"
"1-800-799-7233 (HELP)","undefined","Disease (AD) or related dementia.","undefined","undefined"
"24 HR ","undefined","","undefined","undefined"
"1-800-787-3224 (TTY) ","undefined","Families Anonymous-Fellowship of parents,","undefined","undefined"
"Turning Point","undefined","relatives, and friends dealing with a loved one’s","undefined","undefined"
" ","undefined","addiction to alcohol, drugs, or harmful","undefined","undefined"
"  http://www.theturningpoint.org/ ","undefined","behaviors.","undefined","undefined"
"advocacy. ","undefined","","undefined","undefined"
"1-800-866-7273","undefined","Wednesdays at 7:30 p.m., Room 233","undefined","undefined"
"Runaway Hotline","undefined","Donna Fenwick","undefined","undefined"
"  TexasYouth.org ","undefined","214.291.8011","undefined","undefined"
"information, or simply listen.","undefined","","undefined","undefined"
"RAINN – Rape, Abuse, & Incest","undefined","","undefined","undefined"
"National Network ","undefined","Dana Bishop","undefined","undefined"
"concerns. ","undefined","#268","undefined","undefined"
"1-800-656-HOPE (4673)","undefined","","undefined","undefined"
"Volunteer Match","undefined","","undefined","undefined"
" ","undefined","","undefined","undefined"
"0377.jsp","undefined","","undefined","undefined"
"languages.","undefined","","undefined","undefined"
"214-358-5173","undefined","","undefined","undefined"
"Suicide & Crisis Center of North","undefined","","undefined","undefined"
"Texas ","undefined","","undefined","undefined"
"awareness training for schools.","undefined","","undefined","undefined"
" 214-828-1000 or","undefined","11","undefined","undefined"
"            800-273-8255 ","undefined","","undefined","undefined"
" ","undefined","Counseling Services","undefined","undefined"
"Text “Connect” to 741741 ","undefined","","undefined","undefined"
" ","undefined","*The following resources are available in the community. Collin College’s Counseling Services does not endorse any","undefined","undefined"
" ","undefined","particular resource. It is the individual’s responsibility to research and make choices based upon information","undefined","undefined"
"24 ","undefined","received.","undefined","undefined"
"Medical Referrals ","undefined","","undefined","undefined"
" ","undefined","Organization Name","undefined","undefined"
"received. ","undefined","Description","undefined","undefined"
"AIDS Services of Dallas","undefined","Phone","undefined","undefined"
" ","undefined","Child & Family Guidance","undefined","undefined"
"week.","undefined","","undefined","undefined"
"214-941-0523","undefined","https://www.childrenandfamilies.org","undefined","undefined"
"Collin County Adult Clinic","undefined","","undefined","undefined"
" ","undefined","","undefined","undefined"
"  www.collincountyadultclinic.org ","undefined","Dallas, TX  75235","undefined","undefined"
"Provides primary care services to the","undefined","","undefined","undefined"
"972-423-4941 – info","undefined","Offers a range of programs designed to","undefined","undefined"
" ","undefined","equip children, adults, and families with","undefined","undefined"
"appointment line","undefined","skills and resources needed to reduce the","undefined","undefined"
" ","undefined","symptoms of mental illness and emotional","undefined","undefined"
"Collin County Health Care Services","undefined","distress. Staff is bilingual in Spanish and","undefined","undefined"
" ","undefined","Asian languages. Offices in Dallas, Mesquite","undefined","undefined"
"ervices/pages/default.aspx ","undefined","and Plano.","undefined","undefined"
"Services include WIC, immunizations, STD /","undefined","Call Center","undefined","undefined"
"McKinney ","undefined","","undefined","undefined"
"Plano ","undefined","","undefined","undefined"
"Wylie ","undefined","","undefined","undefined"
" ","undefined","CITY House","undefined","undefined"
" ","undefined","","undefined","undefined"
"  Community Health","undefined","","undefined","undefined"
"Clinic","undefined","901 East 18th Street","undefined","undefined"
" ","undefined","Plano, TX 75074","undefined","undefined"
"  http://www.chc-mckinney.com/ ","undefined","Offers community counseling services with a","undefined","undefined"
"McKinney, TX 75069 ","undefined","licensed therapist for family problems such","undefined","undefined"
"families.","undefined","as at-risk behaviors, running away, family","undefined","undefined"
"972-547-0606","undefined","and relationship conflict, school based","undefined","undefined"
"sliding scale payments","undefined","concerns and self-image. Families and/or","undefined","undefined"
"Point ","undefined","individuals participate in eight free sessions.","undefined","undefined"
"Plano, TX  ","undefined","The majority of youth services are for youth","undefined","undefined"
" ","undefined","going through transition housing 13-18 yrs.","undefined","undefined"
"shelter and follow up medical care.","undefined","","undefined","undefined"
"1-800-886-7273 ","undefined","","undefined","undefined"
" ","undefined","Collin County Children’s Advocacy","undefined","undefined"
" ","undefined","","undefined","undefined"
"25 ","undefined","","undefined","undefined"
"Parkways ","undefined","http://www.caccollincounty.org/","undefined","undefined"
" ","undefined","","undefined","undefined"
"McKinney, TX (temporary location) ","undefined","","undefined","undefined"
" ","undefined","Specializing in trauma-informed therapy,","undefined","undefined"
"214-618-5600 ","undefined","staff offers services both to abused children","undefined","undefined"
"  Health Services of North Texas","undefined","and to their non-offending family members","undefined","undefined"
"  www.healthntx.org ","undefined","who are dealing with the aftermath of abuse","undefined","undefined"
" ","undefined",".","undefined","undefined"
"  ","undefined","","undefined","undefined"
"AIDS (Denton) ","undefined","The Counseling Institute of Texas","undefined","undefined"
"  ","undefined","","undefined","undefined"
"972-548-5526","undefined","","undefined","undefined"
"Hope Clinic of McKinney ","undefined","Garland, TX  75043","undefined","undefined"
"https://hopeclinicmckinney.org ","undefined","Not-for-profit community counseling agency","undefined","undefined"
"McKinney, TX 75069 ","undefined","helping children, adolescents, and adults","undefined","undefined"
" ","undefined","cope with marital and/or family problems,","undefined","undefined"
"HOPE Women’s Center","undefined","adolescent issues, divorce, blended families,","undefined","undefined"
" ","undefined","school truancy and drop-out prevention,","undefined","undefined"
"  http://myhope.org/index.php ","undefined","physical and sexual abuse, depression,","undefined","undefined"
"  McKinney, TX 75071","undefined","suicide, anger management, and a variety of","undefined","undefined"
"972-562-4673","undefined","other issues.","undefined","undefined"
"McKinney ","undefined","Garland","undefined","undefined"
"responses","undefined","","undefined","undefined"
" ","undefined","Jewish Family Services","undefined","undefined"
"  Pediplace","undefined","","undefined","undefined"
"  www.pediplace.org ","undefined","","undefined","undefined"
"  Lewisville, TX 75067 ","undefined","","undefined","undefined"
"  Dallas, TX 75248 ","undefined","Dallas, TX 75248","undefined","undefined"
"chronic illnesses. ","undefined","Provides individual, family, marriage, or","undefined","undefined"
" ","undefined","group counseling to include personal","undefined","undefined"
" ","undefined","emotional crises such as depression,","undefined","undefined"
" ","undefined","anxiety, mood disorders, and/or serious","undefined","undefined"
" ","undefined","personal difficulties including conflicts in","undefined","undefined"
" ","undefined","interpersonal relationships such as","undefined","undefined"
" ","undefined","marriage or peer friendships. Also offers","undefined","undefined"
" ","undefined","rental and utility bill assistance.","undefined","undefined"
" ","undefined","","undefined","undefined"
"972-436-7962","undefined","","undefined","undefined"
"Lewisv  ille ","undefined","","undefined","undefined"
" ","undefined","","undefined","undefined"
" ","undefined","","undefined","undefined"
" ","undefined","","undefined","undefined"
"Planned Parenthood of Greater","undefined","","undefined","undefined"
"Dallas","undefined","","undefined","undefined"
" ","undefined","","undefined","undefined"
"cervical and other cancers. ","undefined","","undefined","undefined"
"1-800-230-PLAN","undefined","","undefined","undefined"
" ","undefined","","undefined","undefined"
"26 ","undefined","12","undefined","undefined"
"Prism Health North Texas","undefined","","undefined","undefined"
"(Formally AIDS Arms)","undefined","","undefined","undefined"
"  Dallas, TX 75208 ","undefined","","undefined","undefined"
" ","undefined","","undefined","undefined"
" ","undefined","","undefined","undefined"
"214-521-5191","undefined","","undefined","undefined"
"Real Options for Women","undefined","","undefined","undefined"
" ","undefined","","undefined","undefined"
" https://realoptionstx.com ","undefined","","undefined","undefined"
"Allen, TX 75013","undefined","Life Path Systems","undefined","undefined"
"counseling, and STI screenings.","undefined","","undefined","undefined"
"214-238-9389","undefined","","undefined","undefined"
"Allen ","undefined","","undefined","undefined"
"972-440-0167","undefined","","undefined","undefined"
"Starling Clinic","undefined","","undefined","undefined"
" ","undefined","Provides Mental Health and Substance","undefined","undefined"
" https://starlingclinic.com ","undefined","Abuse Services in Collin County and","undefined","undefined"
" ","undefined","specializes in providing services to those","undefined","undefined"
"  Plano, TX 75023","undefined","individuals diagnosed with a serious","undefined","undefined"
"call 972-517-2171","undefined","mental illness, substance use disorder, or","undefined","undefined"
"Or book online","undefined","both. They provide treatment for adults","undefined","undefined"
"Women’s Veteran Health Program","undefined","and early childhood intervention for","undefined","undefined"
"VA North T exas Healthcare Sys  tem","undefined","developmentally delayed infants and their","undefined","undefined"
" ","undefined","families.  Children aged 3-17 and adults of","undefined","undefined"
"screening of chronic conditions.","undefined","any age.","undefined","undefined"
"1-800-849-3597","undefined","Crisis Hotline","undefined","undefined"
" Wylie Children’s Medical Clinic","undefined","","undefined","undefined"
"childrens-medical-clinic ","undefined","","undefined","undefined"
"  Wylie, TSX 75098 ","undefined","Plano","undefined","undefined"
" ","undefined","","undefined","undefined"
" ","undefined","","undefined","undefined"
" ","undefined","","undefined","undefined"
"Treatment of illnesses.  ","undefined","","undefined","undefined"
" ","undefined","McKinney","undefined","undefined"
" ","undefined","","undefined","undefined"
" ","undefined","","undefined","undefined"
"Wylie","undefined","Medical City Green Oaks Hospital","undefined","undefined"
" ","undefined","","undefined","undefined"
" ","undefined","","undefined","undefined"
" ","undefined","Locations:","undefined","undefined"
" ","undefined","Dallas","undefined","undefined"
" ","undefined","Plano","undefined","undefined"
" ","undefined","Los Colinas","undefined","undefined"
" ","undefined","","undefined","undefined"
"27 ","undefined","","undefined","undefined"
"received. ","undefined","","undefined","undefined"
"Big Brothers, Big Sisters","undefined","Offers mental health services to include","undefined","undefined"
"mentor, and child’s family.","undefined","adult day treatment, outpatient","undefined","undefined"
"214-441-2227","undefined","counseling services, drug and alcohol","undefined","undefined"
"Office ","undefined","treatment.  Inpatient psychiatric care for","undefined","undefined"
"Collin County Veteran Services","undefined","adults and adolescents and an integrated","undefined","undefined"
"  www.co.collin.tx.us/veterans ","undefined","Behavioral Health Clinic for outpatient","undefined","undefined"
" ","undefined","counseling services.","undefined","undefined"
"Provides assistance in application process","undefined","Dallas","undefined","undefined"
"972-881-3060","undefined","Metrocare Services","undefined","undefined"
"Texas Eating Disorder Association","undefined","","undefined","undefined"
"  Http://texaseatingdisorderassociation.org ","undefined","","undefined","undefined"
"  Dallas, TX 75204 ","undefined","Dallas, TX 75247","undefined","undefined"
"services.","undefined","Services for those with developmental and","undefined","undefined"
"866-837-1999 ","undefined","mental health challenges. Provides services","undefined","undefined"
"info@yourteda.org","undefined","and programs for children through adults","undefined","undefined"
" ","undefined","including outpatient clinics, rehabilitative","undefined","undefined"
"Friends Place (Adult Day services)","undefined","programs, housing and homeless services,","undefined","undefined"
" ","undefined","24-hour emergency services, hospital","undefined","undefined"
"www.friendsplaceads.com/richardson","undefined","liaison services, intensive family services,","undefined","undefined"
"  Desoto ","undefined","and long-term support services.","undefined","undefined"
"  Richardson","undefined","","undefined","undefined"
"Assistance Program","undefined","Mosaic Family Services","undefined","undefined"
" ","undefined","","undefined","undefined"
"Payment-Assistance-Program ","undefined","home@mosaicservices.org","undefined","undefined"
"972-292-5108 ","undefined","","undefined","undefined"
"Green Path (Formerly known as","undefined","","undefined","undefined"
"of N. Central Texas) ","undefined","Dallas, TX","undefined","undefined"
"and more.","undefined","","undefined","undefined"
"1-800-550-1961","undefined","Multicultural Counseling Program","undefined","undefined"
"  HHSC’S Medical Transportation ","undefined","offers a culturally-sensitive counseling","undefined","undefined"
"  Program        ","undefined","model that meets the unique needs of","undefined","undefined"
"transportation-program ","undefined","foreign born survivors of human rights","undefined","undefined"
"to and from the doctor, dentist or hospital. ","undefined","abuse. Services include Legal Representation,","undefined","undefined"
"1-877-633-8747","undefined","shelter, counseling, client advocacy and","undefined","undefined"
"Reservation Line ","undefined","community education.","undefined","undefined"
"28 ","undefined","","undefined","undefined"
" Islamic Association of Collin County","undefined","","undefined","undefined"
" ","undefined","24 HR Crisis","undefined","undefined"
"ces-38903/medical-86221 ","undefined","","undefined","undefined"
" 6401 Independence Pkwy ","undefined","","undefined","undefined"
"469-248-7903","undefined","","undefined","undefined"
"Plano (APPT ONLY) ","undefined","","undefined","undefined"
"Journey of Hope","undefined","Richland Oaks Counseling Center","undefined","undefined"
"www.johgriefsupport.org ","undefined","","undefined","undefined"
"death.","undefined","Richardson, TX 75081","undefined","undefined"
"972-964-1600","undefined","","undefined","undefined"
"Legacy Adoption & Surrogacy","undefined","McKinney, TX 75070","undefined","undefined"
"  www.legacyas.com","undefined","","undefined","undefined"
"adoptions, and surrogacy.","undefined","Provides psychotherapy for individuals,","undefined","undefined"
"Legal Aid of North West Texas","undefined","couples, and families and marital and pre-","undefined","undefined"
"throughout North and West Texas.","undefined","marital counseling. Psycholo","undefined","undefined"
"972-542-9405","undefined","gical testing and","undefined","undefined"
"McKinney ","undefined","evaluation also provided.","undefined","undefined"
"Denton","undefined","","undefined","undefined"
"Life Path Systems","undefined","They offer a sliding scale and payment plans.","undefined","undefined"
"Early Childhood Services","undefined","Clinicians are fluent in Spanish, Vietnamese,","undefined","undefined"
" ","undefined","Urdu, Punjabi, Hindu, and Korean.","undefined","undefined"
"introduction","undefined","","undefined","undefined"
"more.","undefined","Therapy","undefined","undefined"
" ","undefined","Appointments","undefined","undefined"
"972-377-7289","undefined","","undefined","undefined"
"Allen","undefined","Assessment","undefined","undefined"
"Rockwall","undefined","Appointments","undefined","undefined"
"services ","undefined","","undefined","undefined"
"services/foster-in- texas","undefined","","undefined","undefined"
"972-620-0581","undefined","","undefined","undefined"
"Dallas","undefined","13","undefined","undefined"
"North Texas Job Corps","undefined","","undefined","undefined"
"aspx","undefined","SMU Center for Family Counseling","undefined","undefined"
"technical and academic training.","undefined","SMU East Center for Family Counseling","undefined","undefined"
"800-733-JOBS ","undefined","6116 N. Central Expressway, Suite 410","undefined","undefined"
"972-542-2623","undefined","Dallas, TX 75206","undefined","undefined"
"Texas Advocacy Project","undefined","Provides counseling for families, couples,","undefined","undefined"
"www.texasadvocacyproject.org","undefined","blended families, parent/child, sibling issues","undefined","undefined"
"violence, sexual assault, and stalking.","undefined","and other relationship concerns.","undefined","undefined"
"Family Violence","undefined","Individual counseling includes personal,","undefined","undefined"
"                    (4673) ","undefined","social and career related counseling.","undefined","undefined"
" ","undefined","Adolescent, Group Counseling and Play","undefined","undefined"
"29 ","undefined","Therapy for Children are also offered.","undefined","undefined"
"Texas Home Visiting","undefined","","undefined","undefined"
"me_Visiting/default.asp ","undefined","Collin College","undefined","undefined"
"972-578-8100","undefined","Students only pay","undefined","undefined"
"Program Manager,","undefined","$5","undefined","undefined"
"Dallas","undefined","","undefined","undefined"
" ","undefined","STARRY Counseling","undefined","undefined"
"Texas Department of Human","undefined","","undefined","undefined"
"Serv  ic es ","undefined","","undefined","undefined"
"1-800-448-3927","undefined","info.mckinney@starry.org","undefined","undefined"
"Texas Law Help","undefined","","undefined","undefined"
"other helpful organizations. ","undefined","","undefined","undefined"
" ","undefined","","undefined","undefined"
" ","undefined","McKinney, TX 75069","undefined","undefined"
